linkedin,instagram,twitter,facebook,description,technographic,company_type,validation_status,input_domain
,,,,,"{'tag-managers': ['Google Tag Manager'], 'javascript-frameworks': ['jQuery']}","{'certificate': 'Yes', 'job_opening_admin': '', 'job_opening_engg': '', 'job_opening_analytics': '', 'job_opening_IT': '', 'job_opening_marketing': '', 'job_opening_sales': '', 'ai_first': 'No', 'community': 'No', 'demo': 'No', 'ecommerce': 'No', 'event': 'No', 'free_plan': 'No', 'free_trial': 'No', 'generative_ai': 'No', 'job_page': 'No', 'newsletter': 'No', 'offer': 'No', 'partner': 'No', 'plg': 'No', 'press_release': 'No', 'pricing': 'No', 'product_tour': 'No', 'video_content': 'No', 'webinar': 'No'}",valid,www.zeolite.co.jp
,,https://twitter.com/FocusVisionCtr,https://www.facebook.com/focusvisioncenter,"Vision Therapist in Spring Lake Heights, NJ - Visit our skilled Vision Therapist in Spring Lake Heights, NJ. Call today or request an appointment online.","{'font-scripts': ['Font Awesome', 'Google Font API'], 'widgets': ['OWL Carousel'], 'javascript-frameworks': ['jQuery', 'RequireJS'], 'photo-galleries': ['jQuery'], 'ecommerce': ['WooCommerce'], 'cms': ['WordPress'], 'programming-languages': ['PHP'], 'blogs': ['PHP', 'WordPress']}","{'job_opening_admin': '', 'job_opening_engg': '', 'job_opening_analytics': '', 'job_opening_IT': '', 'job_opening_marketing': '', 'job_opening_sales': '', 'ai_first': 'No', 'certificate': 'No', 'community': 'No', 'demo': 'No', 'ecommerce': 'No', 'event': 'No', 'free_plan': 'No', 'free_trial': 'No', 'generative_ai': 'No', 'job_page': 'No', 'newsletter': 'No', 'offer': 'No', 'partner': 'No', 'plg': 'No', 'press_release': 'No', 'pricing': 'No', 'product_tour': 'No', 'video_content': 'No', 'webinar': 'No'}",valid,www.focusvisioncenter.com
,,,,,{'font-scripts': ['Google Font API']},"{'ecommerce': 'Yes', 'video_content': 'Yes', 'job_opening_admin': '', 'job_opening_engg': '', 'job_opening_analytics': '', 'job_opening_IT': '', 'job_opening_marketing': '', 'job_opening_sales': '', 'ai_first': 'No', 'certificate': 'No', 'community': 'No', 'demo': 'No', 'event': 'No', 'free_plan': 'No', 'free_trial': 'No', 'generative_ai': 'No', 'job_page': 'No', 'newsletter': 'No', 'offer': 'No', 'partner': 'No', 'plg': 'No', 'press_release': 'No', 'pricing': 'No', 'product_tour': 'No', 'webinar': 'No'}",valid,www.thelanguageofloveandlight.com
,,https://twitter.com/WestMariculture,http://www.facebook.com/WestMariculture,,"{'font-scripts': ['Font Awesome', 'Google Font API'], 'widgets': ['OWL Carousel'], 'javascript-frameworks': ['jQuery'], 'photo-galleries': ['jQuery', 'OWL Carousel'], 'web-frameworks': ['Twitter Bootstrap', 'UIKit']}","{'ecommerce': 'Yes', 'job_opening_admin': '', 'job_opening_engg': '', 'job_opening_analytics': '', 'job_opening_IT': '', 'job_opening_marketing': '', 'job_opening_sales': '', 'ai_first': 'No', 'certificate': 'No', 'community': 'No', 'demo': 'No', 'event': 'No', 'free_plan': 'No', 'free_trial': 'No', 'generative_ai': 'No', 'job_page': 'No', 'newsletter': 'No', 'offer': 'No', 'partner': 'No', 'plg': 'No', 'press_release': 'No', 'pricing': 'No', 'product_tour': 'No', 'video_content': 'No', 'webinar': 'No'}",valid,www.westmariculture.com
,//instagram.com/lkspoolsspas,,//facebook.com/lkspools,,"{'cms': ['Weebly'], 'javascript-frameworks': ['jQuery']}","{'job_opening_admin': '', 'job_opening_engg': '', 'job_opening_analytics': '', 'job_opening_IT': '', 'job_opening_marketing': '', 'job_opening_sales': '', 'ai_first': 'No', 'certificate': 'No', 'community': 'No', 'demo': 'No', 'ecommerce': 'No', 'event': 'No', 'free_plan': 'No', 'free_trial': 'No', 'generative_ai': 'No', 'job_page': 'No', 'newsletter': 'No', 'offer': 'No', 'partner': 'No', 'plg': 'No', 'press_release': 'No', 'pricing': 'No', 'product_tour': 'No', 'video_content': 'No', 'webinar': 'No'}",valid,www.lkspools.co.uk
https://www.linkedin.com/company/mountz-inc,https://www.instagram.com/mountztorque,https://twitter.com/mountztorque,https://www.facebook.com/mountztorquetool,,"{'web-frameworks': ['Twitter Bootstrap'], 'javascript-frameworks': ['jQuery']}","{'webinar': 'Yes', 'ecommerce': 'Yes', 'event': 'Yes', 'job_page': 'Yes', 'certificate': 'Yes', 'job_opening_admin': 'Yes', 'job_opening_engg': 'Yes', 'job_opening_analytics': 'No', 'job_opening_IT': 'Yes', 'job_opening_marketing': 'Yes', 'job_opening_sales': 'Yes', 'ai_first': 'No', 'community': 'No', 'demo': 'No', 'free_plan': 'No', 'free_trial': 'No', 'generative_ai': 'No', 'newsletter': 'No', 'offer': 'No', 'partner': 'No', 'plg': 'No', 'press_release': 'No', 'pricing': 'No', 'product_tour': 'No', 'video_content': 'No'}",valid,www.mountztorque.com
https://tr.linkedin.com/in/su-makina-65214a153,https://www.instagram.com/su_makina,,https://www.facebook.com/sumakina,Water Pump Parts Manufacturing Engineering And Design. Our company named‘Su Makina San. ve Tic. Ltd. Sti.‘ was established in 2006. We are approved supplier of some pump companies in Europe.,"{'font-scripts': ['Google Font API'], 'web-frameworks': ['Twitter Bootstrap', 'UIKit'], 'cache-tools': ['WP Rocket'], 'cms': ['WordPress'], 'programming-languages': ['PHP'], 'blogs': ['PHP', 'WordPress'], 'marketing-automation': ['Yoast SEO'], 'javascript-frameworks': ['jQuery']}","{'job_opening_admin': '', 'job_opening_engg': '', 'job_opening_analytics': '', 'job_opening_IT': '', 'job_opening_marketing': '', 'job_opening_sales': '', 'ai_first': 'No', 'certificate': 'No', 'community': 'No', 'demo': 'No', 'ecommerce': 'No', 'event': 'No', 'free_plan': 'No', 'free_trial': 'No', 'generative_ai': 'No', 'job_page': 'No', 'newsletter': 'No', 'offer': 'No', 'partner': 'No', 'plg': 'No', 'press_release': 'No', 'pricing': 'No', 'product_tour': 'No', 'video_content': 'No', 'webinar': 'No'}",valid,www.sumakina.com
,https://www.instagram.com/christmashouseinn,https://twitter.com/Christmas_House,https://www.facebook.com/ChristmasHouseInn,,{'font-scripts': ['Google Font API']},"{'ecommerce': 'Yes', 'job_opening_admin': '', 'job_opening_engg': '', 'job_opening_analytics': '', 'job_opening_IT': '', 'job_opening_marketing': '', 'job_opening_sales': '', 'ai_first': 'No', 'certificate': 'No', 'community': 'No', 'demo': 'No', 'event': 'No', 'free_plan': 'No', 'free_trial': 'No', 'generative_ai': 'No', 'job_page': 'No', 'newsletter': 'No', 'offer': 'No', 'partner': 'No', 'plg': 'No', 'press_release': 'No', 'pricing': 'No', 'product_tour': 'No', 'video_content': 'No', 'webinar': 'No'}",valid,www.christmashouseinn.com
,https://www.instagram.com/blissfulbeautybar,,http://www.facebook.com/10105380664831411,,,"{'ecommerce': 'Yes', 'job_opening_admin': '', 'job_opening_engg': '', 'job_opening_analytics': '', 'job_opening_IT': '', 'job_opening_marketing': '', 'job_opening_sales': '', 'ai_first': 'No', 'certificate': 'No', 'community': 'No', 'demo': 'No', 'event': 'No', 'free_plan': 'No', 'free_trial': 'No', 'generative_ai': 'No', 'job_page': 'No', 'newsletter': 'No', 'offer': 'No', 'partner': 'No', 'plg': 'No', 'press_release': 'No', 'pricing': 'No', 'product_tour': 'No', 'video_content': 'No', 'webinar': 'No'}",valid,www.blissfulbeautybars.com
https://www.linkedin.com/company/historicalwindows,https://www.instagram.com/historicalwindows,,https://www.facebook.com/historicalwindowsNY,,{'font-scripts': ['Google Font API']},"{'job_opening_admin': '', 'job_opening_engg': '', 'job_opening_analytics': '', 'job_opening_IT': '', 'job_opening_marketing': '', 'job_opening_sales': '', 'ai_first': 'No', 'certificate': 'No', 'community': 'No', 'demo': 'No', 'ecommerce': 'No', 'event': 'No', 'free_plan': 'No', 'free_trial': 'No', 'generative_ai': 'No', 'job_page': 'No', 'newsletter': 'No', 'offer': 'No', 'partner': 'No', 'plg': 'No', 'press_release': 'No', 'pricing': 'No', 'product_tour': 'No', 'video_content': 'No', 'webinar': 'No'}",valid,www.historicalwindows.com
http://www.linkedin.com,,,https://www.facebook.com/groups/wedowegroup,"Innovaties voor inclusie in de creatieve sector. Deze drive om samen Ã©cht impact te hebben is zelfs verwerkt in onze naam: wedowe staat voor wij samen (we), werkend (do) aan projecten, die een wezenlijke (we) verandering teweeg brengen.","{'font-scripts': ['Google Font API'], 'javascript-frameworks': ['jQuery']}","{'ecommerce': 'Yes', 'video_content': 'Yes', 'job_opening_admin': '', 'job_opening_engg': '', 'job_opening_analytics': '', 'job_opening_IT': '', 'job_opening_marketing': '', 'job_opening_sales': '', 'ai_first': 'No', 'certificate': 'No', 'community': 'No', 'demo': 'No', 'event': 'No', 'free_plan': 'No', 'free_trial': 'No', 'generative_ai': 'No', 'job_page': 'No', 'newsletter': 'No', 'offer': 'No', 'partner': 'No', 'plg': 'No', 'press_release': 'No', 'pricing': 'No', 'product_tour': 'No', 'webinar': 'No'}",valid,www.wedowe.org
,,,,,"{'font-scripts': ['Font Awesome', 'Google Font API'], 'maps': ['Google Maps'], 'ecommerce': ['WooCommerce'], 'cms': ['WordPress'], 'programming-languages': ['PHP'], 'blogs': ['PHP', 'WordPress'], 'javascript-frameworks': ['jQuery']}","{'ecommerce': 'Yes', 'job_opening_admin': '', 'job_opening_engg': '', 'job_opening_analytics': '', 'job_opening_IT': '', 'job_opening_marketing': '', 'job_opening_sales': '', 'ai_first': 'No', 'certificate': 'No', 'community': 'No', 'demo': 'No', 'event': 'No', 'free_plan': 'No', 'free_trial': 'No', 'generative_ai': 'No', 'job_page': 'No', 'newsletter': 'No', 'offer': 'No', 'partner': 'No', 'plg': 'No', 'press_release': 'No', 'pricing': 'No', 'product_tour': 'No', 'video_content': 'No', 'webinar': 'No'}",valid,www.jazzyballoons.co.uk
,https://www.instagram.com/bclsreads,https://www.twitter.com/askbcls,https://www.facebook.com/burlingtoncountylibrary,,{'font-scripts': ['Google Font API']},"{'event': 'Yes', 'job_opening_admin': '', 'job_opening_engg': '', 'job_opening_analytics': '', 'job_opening_IT': '', 'job_opening_marketing': '', 'job_opening_sales': '', 'ai_first': 'No', 'certificate': 'No', 'community': 'No', 'demo': 'No', 'ecommerce': 'No', 'free_plan': 'No', 'free_trial': 'No', 'generative_ai': 'No', 'job_page': 'No', 'newsletter': 'No', 'offer': 'No', 'partner': 'No', 'plg': 'No', 'press_release': 'No', 'pricing': 'No', 'product_tour': 'No', 'video_content': 'No', 'webinar': 'No'}",valid,www.bcls.lib.nj.us
,https://www.instagram.com/somebodiesproject,,,,,"{'job_opening_admin': '', 'job_opening_engg': '', 'job_opening_analytics': '', 'job_opening_IT': '', 'job_opening_marketing': '', 'job_opening_sales': '', 'ai_first': 'No', 'certificate': 'No', 'community': 'No', 'demo': 'No', 'ecommerce': 'No', 'event': 'No', 'free_plan': 'No', 'free_trial': 'No', 'generative_ai': 'No', 'job_page': 'No', 'newsletter': 'No', 'offer': 'No', 'partner': 'No', 'plg': 'No', 'press_release': 'No', 'pricing': 'No', 'product_tour': 'No', 'video_content': 'No', 'webinar': 'No'}",valid,www.warrenphotography.com
,https://www.instagram.com/leadingedgemag,https://twitter.com/LeadingEdgeMag,https://www.facebook.com/LeadingEdgeMag,BYU's premier science fiction and fantasy magazine,"{'font-scripts': ['Google Font API'], 'javascript-frameworks': ['Modernizr', 'Underscore.js', 'jQuery'], 'cms': ['WordPress'], 'programming-languages': ['PHP'], 'blogs': ['PHP', 'WordPress'], 'marketing-automation': ['Yoast SEO']}","{'ecommerce': 'Yes', 'job_opening_admin': '', 'job_opening_engg': '', 'job_opening_analytics': '', 'job_opening_IT': '', 'job_opening_marketing': '', 'job_opening_sales': '', 'ai_first': 'No', 'certificate': 'No', 'community': 'No', 'demo': 'No', 'event': 'No', 'free_plan': 'No', 'free_trial': 'No', 'generative_ai': 'No', 'job_page': 'No', 'newsletter': 'No', 'offer': 'No', 'partner': 'No', 'plg': 'No', 'press_release': 'No', 'pricing': 'No', 'product_tour': 'No', 'video_content': 'No', 'webinar': 'No'}",valid,www.leadingedgemagazine.com
,,,,,,"{'job_opening_admin': '', 'job_opening_engg': '', 'job_opening_analytics': '', 'job_opening_IT': '', 'job_opening_marketing': '', 'job_opening_sales': '', 'ai_first': 'No', 'certificate': 'No', 'community': 'No', 'demo': 'No', 'ecommerce': 'No', 'event': 'No', 'free_plan': 'No', 'free_trial': 'No', 'generative_ai': 'No', 'job_page': 'No', 'newsletter': 'No', 'offer': 'No', 'partner': 'No', 'plg': 'No', 'press_release': 'No', 'pricing': 'No', 'product_tour': 'No', 'video_content': 'No', 'webinar': 'No'}",valid,www.neurotek.com
,,,,"Novatool, Inc. was founded in 1983 to provide a single source for all your Tool and Die, and pressroom requirements. In 2008, we added a Cutting Tool division to our business","{'font-scripts': ['Google Font API'], 'javascript-frameworks': ['RequireJS', 'jQuery'], 'cms': ['WordPress'], 'programming-languages': ['PHP'], 'blogs': ['PHP', 'WordPress'], 'cache-tools': ['WordPress Super Cache']}","{'job_opening_admin': '', 'job_opening_engg': '', 'job_opening_analytics': '', 'job_opening_IT': '', 'job_opening_marketing': '', 'job_opening_sales': '', 'ai_first': 'No', 'certificate': 'No', 'community': 'No', 'demo': 'No', 'ecommerce': 'No', 'event': 'No', 'free_plan': 'No', 'free_trial': 'No', 'generative_ai': 'No', 'job_page': 'No', 'newsletter': 'No', 'offer': 'No', 'partner': 'No', 'plg': 'No', 'press_release': 'No', 'pricing': 'No', 'product_tour': 'No', 'video_content': 'No', 'webinar': 'No'}",valid,www.novatoolinc.com
https://www.linkedin.com,,,https://www.facebook.com/businessvaluationsgroup,,"{'font-scripts': ['Font Awesome', 'Google Font API'], 'javascript-frameworks': ['Modernizr', 'jQuery'], 'cms': ['WordPress'], 'programming-languages': ['PHP'], 'blogs': ['PHP', 'WordPress'], 'marketing-automation': ['Yoast SEO'], 'video-players': ['YouTube']}","{'job_opening_admin': '', 'job_opening_engg': '', 'job_opening_analytics': '', 'job_opening_IT': '', 'job_opening_marketing': '', 'job_opening_sales': '', 'ai_first': 'No', 'certificate': 'No', 'community': 'No', 'demo': 'No', 'ecommerce': 'No', 'event': 'No', 'free_plan': 'No', 'free_trial': 'No', 'generative_ai': 'No', 'job_page': 'No', 'newsletter': 'No', 'offer': 'No', 'partner': 'No', 'plg': 'No', 'press_release': 'No', 'pricing': 'No', 'product_tour': 'No', 'video_content': 'No', 'webinar': 'No'}",valid,www.bsalesgroup.com
,,https://twitter.com/tuQuejaSuma,,"Comunidad online donde puedes reclamar gratis hacia cualquier empresa. Notificamos a las empresas para que te ofrezcan una solución y también avisamos a otros usuarios para que te ayudenapoyen. Más de 70 empresas de Argentina, Chile, Colombia, España y México ofrecen soluciones a través del sitio. U",{'font-scripts': ['Google Font API']},"{'ecommerce': 'Yes', 'job_opening_admin': '', 'job_opening_engg': '', 'job_opening_analytics': '', 'job_opening_IT': '', 'job_opening_marketing': '', 'job_opening_sales': '', 'ai_first': 'No', 'certificate': 'No', 'community': 'No', 'demo': 'No', 'event': 'No', 'free_plan': 'No', 'free_trial': 'No', 'generative_ai': 'No', 'job_page': 'No', 'newsletter': 'No', 'offer': 'No', 'partner': 'No', 'plg': 'No', 'press_release': 'No', 'pricing': 'No', 'product_tour': 'No', 'video_content': 'No', 'webinar': 'No'}",valid,www.tuquejasuma.com
,,,https://www.facebook.com/NewtonFinancialSolutionsLLC,,"{'cms': ['Drupal'], 'programming-languages': ['PHP'], 'font-scripts': ['Google Font API'], 'web-frameworks': ['Twitter Bootstrap'], 'javascript-frameworks': ['jQuery']}","{'job_opening_admin': '', 'job_opening_engg': '', 'job_opening_analytics': '', 'job_opening_IT': '', 'job_opening_marketing': '', 'job_opening_sales': '', 'ai_first': 'No', 'certificate': 'No', 'community': 'No', 'demo': 'No', 'ecommerce': 'No', 'event': 'No', 'free_plan': 'No', 'free_trial': 'No', 'generative_ai': 'No', 'job_page': 'No', 'newsletter': 'No', 'offer': 'No', 'partner': 'No', 'plg': 'No', 'press_release': 'No', 'pricing': 'No', 'product_tour': 'No', 'video_content': 'No', 'webinar': 'No'}",valid,www.newtonfinancialsolutions.com
linkedin,instagram,twitter,facebook,description,technographic,company_type,validation_status,input_domain
,,,,,"{'javascript-graphics': ['Javascript Infovis Toolkit'], 'javascript-frameworks': ['Lo-dash', 'Prototype', 'React', 'RequireJS'], 'cms': ['Wix']}","{'job_opening_admin': '', 'job_opening_engg': '', 'job_opening_analytics': '', 'job_opening_IT': '', 'job_opening_marketing': '', 'job_opening_sales': '', 'ai_first': 'No', 'certificate': 'No', 'community': 'No', 'demo': 'No', 'ecommerce': 'No', 'event': 'No', 'free_plan': 'No', 'free_trial': 'No', 'generative_ai': 'No', 'job_page': 'No', 'newsletter': 'No', 'offer': 'No', 'partner': 'No', 'plg': 'No', 'press_release': 'No', 'pricing': 'No', 'product_tour': 'No', 'video_content': 'No', 'webinar': 'No'}",valid,www.chavitosnatureschool.com
,https://www.instagram.com/jalactation,https://twitter.com/jalactation,https://www.facebook.com/jalactation,Management tools to run your lactation consultation practice.,"{'font-scripts': ['Google Font API'], 'javascript-frameworks': ['React']}","{'event': 'Yes', 'job_opening_admin': '', 'job_opening_engg': '', 'job_opening_analytics': '', 'job_opening_IT': '', 'job_opening_marketing': '', 'job_opening_sales': '', 'ai_first': 'No', 'certificate': 'No', 'community': 'No', 'demo': 'No', 'ecommerce': 'No', 'free_plan': 'No', 'free_trial': 'No', 'generative_ai': 'No', 'job_page': 'No', 'newsletter': 'No', 'offer': 'No', 'partner': 'No', 'plg': 'No', 'press_release': 'No', 'pricing': 'No', 'product_tour': 'No', 'video_content': 'No', 'webinar': 'No'}",valid,www.jalactation.com
,,,https://www.facebook.com/Cache-Meadow-Veterinary-Clinic-145805985435277,,"{'font-scripts': ['Google Font API'], 'web-frameworks': ['Twitter Bootstrap'], 'javascript-frameworks': ['jQuery']}","{'job_opening_admin': '', 'job_opening_engg': '', 'job_opening_analytics': '', 'job_opening_IT': '', 'job_opening_marketing': '', 'job_opening_sales': '', 'ai_first': 'No', 'certificate': 'No', 'community': 'No', 'demo': 'No', 'ecommerce': 'No', 'event': 'No', 'free_plan': 'No', 'free_trial': 'No', 'generative_ai': 'No', 'job_page': 'No', 'newsletter': 'No', 'offer': 'No', 'partner': 'No', 'plg': 'No', 'press_release': 'No', 'pricing': 'No', 'product_tour': 'No', 'video_content': 'No', 'webinar': 'No'}",valid,www.cachemeadow.com
https://www.linkedin.com/company/75546634/admin,https://www.instagram.com/cfcfurnishing,https://twitter.com/CfcFurnishing,https://www.facebook.com/CFC-Furnishing-106330388164224,"CFC Furnishing Trivandrum is known for its best quality home furnishings in Trivandrum offering blinds, curtains, cushion covers, wallcoverings and fabrics.","{'font-scripts': ['Font Awesome', 'Google Font API'], 'javascript-frameworks': ['Underscore.js', 'jQuery'], 'cms': ['WordPress'], 'programming-languages': ['PHP'], 'blogs': ['PHP', 'WordPress'], 'video-players': ['YouTube']}","{'job_opening_admin': '', 'job_opening_engg': '', 'job_opening_analytics': '', 'job_opening_IT': '', 'job_opening_marketing': '', 'job_opening_sales': '', 'ai_first': 'No', 'certificate': 'No', 'community': 'No', 'demo': 'No', 'ecommerce': 'No', 'event': 'No', 'free_plan': 'No', 'free_trial': 'No', 'generative_ai': 'No', 'job_page': 'No', 'newsletter': 'No', 'offer': 'No', 'partner': 'No', 'plg': 'No', 'press_release': 'No', 'pricing': 'No', 'product_tour': 'No', 'video_content': 'No', 'webinar': 'No'}",valid,www.cfcfurnishing.in
,https://www.instagram.com/thestarhometeam,,https://www.facebook.com/TheStarHomeTeam,,,"{'community': 'Yes', 'job_opening_admin': '', 'job_opening_engg': '', 'job_opening_analytics': '', 'job_opening_IT': '', 'job_opening_marketing': '', 'job_opening_sales': '', 'ai_first': 'No', 'certificate': 'No', 'demo': 'No', 'ecommerce': 'No', 'event': 'No', 'free_plan': 'No', 'free_trial': 'No', 'generative_ai': 'No', 'job_page': 'No', 'newsletter': 'No', 'offer': 'No', 'partner': 'No', 'plg': 'No', 'press_release': 'No', 'pricing': 'No', 'product_tour': 'No', 'video_content': 'No', 'webinar': 'No'}",valid,www.starhometeam.com
,,,www.facebook.com/computermedicllc,,"{'javascript-frameworks': ['Backbone.js', 'Underscore.js', 'Lightbox', 'jQuery'], 'font-scripts': ['Google Font API'], 'photo-galleries': ['Lightbox', 'jQuery'], 'widgets': ['OWL Carousel'], 'payment-processors': ['Stripe'], 'web-frameworks': ['Twitter Bootstrap'], 'ecommerce': ['WooCommerce'], 'cms': ['WordPress'], 'programming-languages': ['PHP'], 'blogs': ['PHP', 'WordPress'], 'marketing-automation': ['Yoast SEO']}","{'job_opening_admin': '', 'job_opening_engg': '', 'job_opening_analytics': '', 'job_opening_IT': '', 'job_opening_marketing': '', 'job_opening_sales': '', 'ai_first': 'No', 'certificate': 'No', 'community': 'No', 'demo': 'No', 'ecommerce': 'No', 'event': 'No', 'free_plan': 'No', 'free_trial': 'No', 'generative_ai': 'No', 'job_page': 'No', 'newsletter': 'No', 'offer': 'No', 'partner': 'No', 'plg': 'No', 'press_release': 'No', 'pricing': 'No', 'product_tour': 'No', 'video_content': 'No', 'webinar': 'No'}",valid,www.1fixcomputermedic.com
,,,,"Come visit Nissan Of Clinton for a variety of new and pre-owned vehicles. Serving Sampson, Bladen, Cumberland, Wake, and other surrounding counties! We are always ready to assist you!!",,"{'job_opening_admin': '', 'job_opening_engg': '', 'job_opening_analytics': '', 'job_opening_IT': '', 'job_opening_marketing': '', 'job_opening_sales': '', 'ai_first': 'No', 'certificate': 'No', 'community': 'No', 'demo': 'No', 'ecommerce': 'No', 'event': 'No', 'free_plan': 'No', 'free_trial': 'No', 'generative_ai': 'No', 'job_page': 'No', 'newsletter': 'No', 'offer': 'No', 'partner': 'No', 'plg': 'No', 'press_release': 'No', 'pricing': 'No', 'product_tour': 'No', 'video_content': 'No', 'webinar': 'No'}",valid,www.nissanofclinton.com
https://www.linkedin.com/company/homeq-technologies-ab,https://www.instagram.com/homeqsverige,,https://www.facebook.com/theHomeQ,HomeQ är störst i landet på långtidsboende och har tiotusentals lediga hyresrätter direkt från Sveriges främsta hyresvärdar. Bäst av allt? HomeQ är 100% gratis.,"{'tag-managers': ['Google Tag Manager'], 'web-frameworks': ['Twitter Bootstrap']}","{'job_page': 'Yes', 'job_opening_admin': '', 'job_opening_engg': '', 'job_opening_analytics': '', 'job_opening_IT': '', 'job_opening_marketing': '', 'job_opening_sales': '', 'ai_first': 'No', 'certificate': 'No', 'community': 'No', 'demo': 'No', 'ecommerce': 'No', 'event': 'No', 'free_plan': 'No', 'free_trial': 'No', 'generative_ai': 'No', 'newsletter': 'No', 'offer': 'No', 'partner': 'No', 'plg': 'No', 'press_release': 'No', 'pricing': 'No', 'product_tour': 'No', 'video_content': 'No', 'webinar': 'No'}",valid,www.homeq.se
,,,,,,"{'job_opening_admin': '', 'job_opening_engg': '', 'job_opening_analytics': '', 'job_opening_IT': '', 'job_opening_marketing': '', 'job_opening_sales': '', 'ai_first': 'No', 'certificate': 'No', 'community': 'No', 'demo': 'No', 'ecommerce': 'No', 'event': 'No', 'free_plan': 'No', 'free_trial': 'No', 'generative_ai': 'No', 'job_page': 'No', 'newsletter': 'No', 'offer': 'No', 'partner': 'No', 'plg': 'No', 'press_release': 'No', 'pricing': 'No', 'product_tour': 'No', 'video_content': 'No', 'webinar': 'No'}",forbidden,www.msbroofing.co.uk
,,,https://www.facebook.com/KDEFarms,,{'font-scripts': ['Google Font API']},"{'job_opening_admin': '', 'job_opening_engg': '', 'job_opening_analytics': '', 'job_opening_IT': '', 'job_opening_marketing': '', 'job_opening_sales': '', 'ai_first': 'No', 'certificate': 'No', 'community': 'No', 'demo': 'No', 'ecommerce': 'No', 'event': 'No', 'free_plan': 'No', 'free_trial': 'No', 'generative_ai': 'No', 'job_page': 'No', 'newsletter': 'No', 'offer': 'No', 'partner': 'No', 'plg': 'No', 'press_release': 'No', 'pricing': 'No', 'product_tour': 'No', 'video_content': 'No', 'webinar': 'No'}",valid,www.kdfarms.net
,https://www.instagram.com/secretbeautyspa,,https://www.facebook.com/secretbeautyri,,"{'font-scripts': ['Google Font API'], 'javascript-frameworks': ['jQuery']}","{'ecommerce': 'Yes', 'job_opening_admin': '', 'job_opening_engg': '', 'job_opening_analytics': '', 'job_opening_IT': '', 'job_opening_marketing': '', 'job_opening_sales': '', 'ai_first': 'No', 'certificate': 'No', 'community': 'No', 'demo': 'No', 'event': 'No', 'free_plan': 'No', 'free_trial': 'No', 'generative_ai': 'No', 'job_page': 'No', 'newsletter': 'No', 'offer': 'No', 'partner': 'No', 'plg': 'No', 'press_release': 'No', 'pricing': 'No', 'product_tour': 'No', 'video_content': 'No', 'webinar': 'No'}",valid,www.secretbeautyri.com
,https://www.instagram.com/p/CaqT7eYgyYo,https://twitter.com/underaurora,http://www.facebook.com/underaurorabeauty,,{'font-scripts': ['Google Font API']},"{'ecommerce': 'Yes', 'job_opening_admin': '', 'job_opening_engg': '', 'job_opening_analytics': '', 'job_opening_IT': '', 'job_opening_marketing': '', 'job_opening_sales': '', 'ai_first': 'No', 'certificate': 'No', 'community': 'No', 'demo': 'No', 'event': 'No', 'free_plan': 'No', 'free_trial': 'No', 'generative_ai': 'No', 'job_page': 'No', 'newsletter': 'No', 'offer': 'No', 'partner': 'No', 'plg': 'No', 'press_release': 'No', 'pricing': 'No', 'product_tour': 'No', 'video_content': 'No', 'webinar': 'No'}",valid,www.underaurora.net
https://www.linkedin.com/in/juliaton,https://www.instagram.com/project.1961/?hl=nl,,,,"{'photo-galleries': ['Lightbox'], 'javascript-frameworks': ['Lightbox', 'Modernizr', 'jQuery'], 'web-frameworks': ['Twitter Bootstrap'], 'cms': ['WordPress'], 'programming-languages': ['PHP'], 'blogs': ['PHP', 'WordPress'], 'cache-tools': ['WordPress Super Cache'], 'marketing-automation': ['Yoast SEO']}","{'job_opening_admin': '', 'job_opening_engg': '', 'job_opening_analytics': '', 'job_opening_IT': '', 'job_opening_marketing': '', 'job_opening_sales': '', 'ai_first': 'No', 'certificate': 'No', 'community': 'No', 'demo': 'No', 'ecommerce': 'No', 'event': 'No', 'free_plan': 'No', 'free_trial': 'No', 'generative_ai': 'No', 'job_page': 'No', 'newsletter': 'No', 'offer': 'No', 'partner': 'No', 'plg': 'No', 'press_release': 'No', 'pricing': 'No', 'product_tour': 'No', 'video_content': 'No', 'webinar': 'No'}",valid,www.project1961.com
https://www.linkedin.com/company/18641631/#LinkedIn,,,,,"{'font-scripts': ['Google Font API'], 'web-frameworks': ['Twitter Bootstrap'], 'video-players': ['YouTube']}","{'job_opening_admin': '', 'job_opening_engg': '', 'job_opening_analytics': '', 'job_opening_IT': '', 'job_opening_marketing': '', 'job_opening_sales': '', 'ai_first': 'No', 'certificate': 'No', 'community': 'No', 'demo': 'No', 'ecommerce': 'No', 'event': 'No', 'free_plan': 'No', 'free_trial': 'No', 'generative_ai': 'No', 'job_page': 'No', 'newsletter': 'No', 'offer': 'No', 'partner': 'No', 'plg': 'No', 'press_release': 'No', 'pricing': 'No', 'product_tour': 'No', 'video_content': 'No', 'webinar': 'No'}",valid,www.adordx.com
,,,,,"{'font-scripts': ['Google Font API'], 'ecommerce': ['WooCommerce'], 'cms': ['WordPress'], 'programming-languages': ['PHP'], 'blogs': ['PHP', 'WordPress'], 'marketing-automation': ['Yoast SEO'], 'javascript-frameworks': ['jQuery']}","{'job_opening_admin': '', 'job_opening_engg': '', 'job_opening_analytics': '', 'job_opening_IT': '', 'job_opening_marketing': '', 'job_opening_sales': '', 'ai_first': 'No', 'certificate': 'No', 'community': 'No', 'demo': 'No', 'ecommerce': 'No', 'event': 'No', 'free_plan': 'No', 'free_trial': 'No', 'generative_ai': 'No', 'job_page': 'No', 'newsletter': 'No', 'offer': 'No', 'partner': 'No', 'plg': 'No', 'press_release': 'No', 'pricing': 'No', 'product_tour': 'No', 'video_content': 'No', 'webinar': 'No'}",valid,www.eratech.com.vn
,,,https://www.facebook.com/seashellvillageresorttx,"Seashell Village is near the beach, featuring large hotel rooms,  suites, condo-style kitchenettes, cottages, two pools and beautiful palm trees.","{'cms': ['Weebly'], 'javascript-frameworks': ['jQuery']}","{'event': 'Yes', 'job_opening_admin': '', 'job_opening_engg': '', 'job_opening_analytics': '', 'job_opening_IT': '', 'job_opening_marketing': '', 'job_opening_sales': '', 'ai_first': 'No', 'certificate': 'No', 'community': 'No', 'demo': 'No', 'ecommerce': 'No', 'free_plan': 'No', 'free_trial': 'No', 'generative_ai': 'No', 'job_page': 'No', 'newsletter': 'No', 'offer': 'No', 'partner': 'No', 'plg': 'No', 'press_release': 'No', 'pricing': 'No', 'product_tour': 'No', 'video_content': 'No', 'webinar': 'No'}",valid,www.seashellvillage.com
,,,,,"{'font-scripts': ['Google Font API'], 'ecommerce': ['WooCommerce'], 'cms': ['WordPress'], 'programming-languages': ['PHP'], 'blogs': ['PHP', 'WordPress'], 'javascript-frameworks': ['jQuery']}","{'ecommerce': 'Yes', 'job_opening_admin': '', 'job_opening_engg': '', 'job_opening_analytics': '', 'job_opening_IT': '', 'job_opening_marketing': '', 'job_opening_sales': '', 'ai_first': 'No', 'certificate': 'No', 'community': 'No', 'demo': 'No', 'event': 'No', 'free_plan': 'No', 'free_trial': 'No', 'generative_ai': 'No', 'job_page': 'No', 'newsletter': 'No', 'offer': 'No', 'partner': 'No', 'plg': 'No', 'press_release': 'No', 'pricing': 'No', 'product_tour': 'No', 'video_content': 'No', 'webinar': 'No'}",valid,www.jordansshore.com
,,,,,"{'cms': ['WordPress'], 'programming-languages': ['PHP'], 'blogs': ['PHP', 'WordPress'], 'javascript-frameworks': ['jQuery']}","{'job_opening_admin': '', 'job_opening_engg': '', 'job_opening_analytics': '', 'job_opening_IT': '', 'job_opening_marketing': '', 'job_opening_sales': '', 'ai_first': 'No', 'certificate': 'No', 'community': 'No', 'demo': 'No', 'ecommerce': 'No', 'event': 'No', 'free_plan': 'No', 'free_trial': 'No', 'generative_ai': 'No', 'job_page': 'No', 'newsletter': 'No', 'offer': 'No', 'partner': 'No', 'plg': 'No', 'press_release': 'No', 'pricing': 'No', 'product_tour': 'No', 'video_content': 'No', 'webinar': 'No'}",valid,www.hcargarage.com
,,,,,"{'editors': ['DreamWeaver'], 'font-scripts': ['Google Font API']}","{'job_opening_admin': '', 'job_opening_engg': '', 'job_opening_analytics': '', 'job_opening_IT': '', 'job_opening_marketing': '', 'job_opening_sales': '', 'ai_first': 'No', 'certificate': 'No', 'community': 'No', 'demo': 'No', 'ecommerce': 'No', 'event': 'No', 'free_plan': 'No', 'free_trial': 'No', 'generative_ai': 'No', 'job_page': 'No', 'newsletter': 'No', 'offer': 'No', 'partner': 'No', 'plg': 'No', 'press_release': 'No', 'pricing': 'No', 'product_tour': 'No', 'video_content': 'No', 'webinar': 'No'}",valid,www.farfungplaces.com
,,,,,,"{'job_opening_admin': '', 'job_opening_engg': '', 'job_opening_analytics': '', 'job_opening_IT': '', 'job_opening_marketing': '', 'job_opening_sales': '', 'ai_first': 'No', 'certificate': 'No', 'community': 'No', 'demo': 'No', 'ecommerce': 'No', 'event': 'No', 'free_plan': 'No', 'free_trial': 'No', 'generative_ai': 'No', 'job_page': 'No', 'newsletter': 'No', 'offer': 'No', 'partner': 'No', 'plg': 'No', 'press_release': 'No', 'pricing': 'No', 'product_tour': 'No', 'video_content': 'No', 'webinar': 'No'}",connection error,www.niharstationery.com
linkedin,instagram,twitter,facebook,description,technographic,company_type,validation_status,input_domain
http://www.linkedin.com/company/mikuska-group?trk=hb_tab_compy_id_224511,,http://www.twitter.com/mikuskagrp,http://www.facebook.com/pages/Mikuska-Group-Inc/108753355833667,"The Mikuska Group has extensive experience in fundraising consulting, sponsorship consulting, capital campaign consulting and relationship management and has helped organizations of all sizes achieve their potential.","{'cms': ['WordPress'], 'programming-languages': ['PHP'], 'blogs': ['PHP', 'WordPress'], 'javascript-frameworks': ['jQuery']}","{'event': 'Yes', 'job_opening_admin': '', 'job_opening_engg': '', 'job_opening_analytics': '', 'job_opening_IT': '', 'job_opening_marketing': '', 'job_opening_sales': '', 'ai_first': 'No', 'certificate': 'No', 'community': 'No', 'demo': 'No', 'ecommerce': 'No', 'free_plan': 'No', 'free_trial': 'No', 'generative_ai': 'No', 'job_page': 'No', 'newsletter': 'No', 'offer': 'No', 'partner': 'No', 'plg': 'No', 'press_release': 'No', 'pricing': 'No', 'product_tour': 'No', 'video_content': 'No', 'webinar': 'No'}",valid,www.mikuska.com
,,,,,,"{'job_opening_admin': '', 'job_opening_engg': '', 'job_opening_analytics': '', 'job_opening_IT': '', 'job_opening_marketing': '', 'job_opening_sales': '', 'ai_first': 'No', 'certificate': 'No', 'community': 'No', 'demo': 'No', 'ecommerce': 'No', 'event': 'No', 'free_plan': 'No', 'free_trial': 'No', 'generative_ai': 'No', 'job_page': 'No', 'newsletter': 'No', 'offer': 'No', 'partner': 'No', 'plg': 'No', 'press_release': 'No', 'pricing': 'No', 'product_tour': 'No', 'video_content': 'No', 'webinar': 'No'}",invalid website - This Site Is Currently Unavailable,www.dunnwellcc.com
https://de.linkedin.com/company/fisch-asset-management,,https://twitter.com/fisch_am,,"Fisch Asset Management ist ein auf ausgewählte Anlagestrategien spezialisierter Asset Manager und bietet Wandelanleihen-, Unternehmensanleihen- sowie konvexe Multi-Asset-Lösungen an. Ziel ist es, mittels aktivem Management Mehrwert für langfristige Anleger zu schaffen.","{'javascript-frameworks': ['RequireJS', 'jQuery', 'jQuery UI'], 'cms': ['Contao'], 'programming-languages': ['PHP']}","{'event': 'Yes', 'offer': 'Yes', 'job_opening_admin': '', 'job_opening_engg': '', 'job_opening_analytics': '', 'job_opening_IT': '', 'job_opening_marketing': '', 'job_opening_sales': '', 'ai_first': 'No', 'certificate': 'No', 'community': 'No', 'demo': 'No', 'ecommerce': 'No', 'free_plan': 'No', 'free_trial': 'No', 'generative_ai': 'No', 'job_page': 'No', 'newsletter': 'No', 'partner': 'No', 'plg': 'No', 'press_release': 'No', 'pricing': 'No', 'product_tour': 'No', 'video_content': 'No', 'webinar': 'No'}",valid,www.fam.ch
,,,,,,"{'job_opening_admin': '', 'job_opening_engg': '', 'job_opening_analytics': '', 'job_opening_IT': '', 'job_opening_marketing': '', 'job_opening_sales': '', 'ai_first': 'No', 'certificate': 'No', 'community': 'No', 'demo': 'No', 'ecommerce': 'No', 'event': 'No', 'free_plan': 'No', 'free_trial': 'No', 'generative_ai': 'No', 'job_page': 'No', 'newsletter': 'No', 'offer': 'No', 'partner': 'No', 'plg': 'No', 'press_release': 'No', 'pricing': 'No', 'product_tour': 'No', 'video_content': 'No', 'webinar': 'No'}",valid,www.willardhypnoticexperience.com
,,,,Sunnymead Ranch PCA Moreno Valley California,"{'font-scripts': ['Google Font API'], 'cms': ['Weebly'], 'javascript-frameworks': ['jQuery']}","{'job_opening_admin': '', 'job_opening_engg': '', 'job_opening_analytics': '', 'job_opening_IT': '', 'job_opening_marketing': '', 'job_opening_sales': '', 'ai_first': 'No', 'certificate': 'No', 'community': 'No', 'demo': 'No', 'ecommerce': 'No', 'event': 'No', 'free_plan': 'No', 'free_trial': 'No', 'generative_ai': 'No', 'job_page': 'No', 'newsletter': 'No', 'offer': 'No', 'partner': 'No', 'plg': 'No', 'press_release': 'No', 'pricing': 'No', 'product_tour': 'No', 'video_content': 'No', 'webinar': 'No'}",valid,www.mysunnymead.com
,,,https://www.facebook.com/Metrocom-Ltd-155126708307027,,,"{'job_opening_admin': '', 'job_opening_engg': '', 'job_opening_analytics': '', 'job_opening_IT': '', 'job_opening_marketing': '', 'job_opening_sales': '', 'ai_first': 'No', 'certificate': 'No', 'community': 'No', 'demo': 'No', 'ecommerce': 'No', 'event': 'No', 'free_plan': 'No', 'free_trial': 'No', 'generative_ai': 'No', 'job_page': 'No', 'newsletter': 'No', 'offer': 'No', 'partner': 'No', 'plg': 'No', 'press_release': 'No', 'pricing': 'No', 'product_tour': 'No', 'video_content': 'No', 'webinar': 'No'}",valid,www.metrocom.nz
https://uk.linkedin.com/company/darnell-it-solutions,,https://twitter.com/Darnell_ITS,https://www.facebook.com/DarnellITSolutions,,,"{'ecommerce': 'Yes', 'certificate': 'Yes', 'job_opening_admin': '', 'job_opening_engg': '', 'job_opening_analytics': '', 'job_opening_IT': '', 'job_opening_marketing': '', 'job_opening_sales': '', 'ai_first': 'No', 'community': 'No', 'demo': 'No', 'event': 'No', 'free_plan': 'No', 'free_trial': 'No', 'generative_ai': 'No', 'job_page': 'No', 'newsletter': 'No', 'offer': 'No', 'partner': 'No', 'plg': 'No', 'press_release': 'No', 'pricing': 'No', 'product_tour': 'No', 'video_content': 'No', 'webinar': 'No'}",valid,www.darnell-its.co.uk
,,,,"EarthSpectives specialize in foundation engineering and testing services such as Gamma-Gamma Logging, Cross Hole Sonic Logging, Pile Dynamic Analysis(PDA), etc.",,"{'job_page': 'Yes', 'job_opening_admin': 'No', 'job_opening_engg': 'No', 'job_opening_analytics': 'No', 'job_opening_IT': 'No', 'job_opening_marketing': 'No', 'job_opening_sales': 'No', 'ai_first': 'No', 'certificate': 'No', 'community': 'No', 'demo': 'No', 'ecommerce': 'No', 'event': 'No', 'free_plan': 'No', 'free_trial': 'No', 'generative_ai': 'No', 'newsletter': 'No', 'offer': 'No', 'partner': 'No', 'plg': 'No', 'press_release': 'No', 'pricing': 'No', 'product_tour': 'No', 'video_content': 'No', 'webinar': 'No'}",valid,www.earthspectives.com
,,,,,"{'widgets': ['AddThis'], 'javascript-frameworks': ['RequireJS', 'jQuery']}","{'job_opening_admin': '', 'job_opening_engg': '', 'job_opening_analytics': '', 'job_opening_IT': '', 'job_opening_marketing': '', 'job_opening_sales': '', 'ai_first': 'No', 'certificate': 'No', 'community': 'No', 'demo': 'No', 'ecommerce': 'No', 'event': 'No', 'free_plan': 'No', 'free_trial': 'No', 'generative_ai': 'No', 'job_page': 'No', 'newsletter': 'No', 'offer': 'No', 'partner': 'No', 'plg': 'No', 'press_release': 'No', 'pricing': 'No', 'product_tour': 'No', 'video_content': 'No', 'webinar': 'No'}",valid,www.salfilms.com
,,,,,"{'font-scripts': ['Font Awesome', 'Google Font API'], 'ecommerce': ['Magento'], 'programming-languages': ['PHP'], 'javascript-frameworks': ['Moment.js', 'jQuery'], 'widgets': ['OWL Carousel'], 'photo-galleries': ['jQuery', 'prettyPhoto'], 'web-frameworks': ['Twitter Bootstrap'], 'cms': ['WordPress'], 'blogs': ['PHP', 'WordPress'], 'marketing-automation': ['Yoast SEO']}","{'job_opening_admin': '', 'job_opening_engg': '', 'job_opening_analytics': '', 'job_opening_IT': '', 'job_opening_marketing': '', 'job_opening_sales': '', 'ai_first': 'No', 'certificate': 'No', 'community': 'No', 'demo': 'No', 'ecommerce': 'No', 'event': 'No', 'free_plan': 'No', 'free_trial': 'No', 'generative_ai': 'No', 'job_page': 'No', 'newsletter': 'No', 'offer': 'No', 'partner': 'No', 'plg': 'No', 'press_release': 'No', 'pricing': 'No', 'product_tour': 'No', 'video_content': 'No', 'webinar': 'No'}",valid,www.omegatax.com
,,,,,"{'font-scripts': ['Google Font API'], 'web-frameworks': ['Twitter Bootstrap'], 'cms': ['WordPress'], 'programming-languages': ['PHP'], 'blogs': ['PHP', 'WordPress'], 'marketing-automation': ['Yoast SEO'], 'javascript-frameworks': ['jQuery']}","{'job_page': 'Yes', 'community': 'Yes', 'job_opening_admin': 'No', 'job_opening_engg': 'No', 'job_opening_analytics': 'Yes', 'job_opening_IT': 'Yes', 'job_opening_marketing': 'Yes', 'job_opening_sales': 'No', 'ai_first': 'No', 'certificate': 'No', 'demo': 'No', 'ecommerce': 'No', 'event': 'No', 'free_plan': 'No', 'free_trial': 'No', 'generative_ai': 'No', 'newsletter': 'No', 'offer': 'No', 'partner': 'No', 'plg': 'No', 'press_release': 'No', 'pricing': 'No', 'product_tour': 'No', 'video_content': 'No', 'webinar': 'No'}",valid,www.prestigecaregroup.com
https://www.linkedin.com/company/stacked-payments,,,https://www.facebook.com/StackedPayments,,"{'javascript-graphics': ['Javascript Infovis Toolkit'], 'javascript-frameworks': ['Lo-dash', 'Prototype', 'React'], 'cms': ['Wix']}","{'job_opening_admin': '', 'job_opening_engg': '', 'job_opening_analytics': '', 'job_opening_IT': '', 'job_opening_marketing': '', 'job_opening_sales': '', 'ai_first': 'No', 'certificate': 'No', 'community': 'No', 'demo': 'No', 'ecommerce': 'No', 'event': 'No', 'free_plan': 'No', 'free_trial': 'No', 'generative_ai': 'No', 'job_page': 'No', 'newsletter': 'No', 'offer': 'No', 'partner': 'No', 'plg': 'No', 'press_release': 'No', 'pricing': 'No', 'product_tour': 'No', 'video_content': 'No', 'webinar': 'No'}",valid,www.stackedpayments.com
,,,,,"{'cms': ['WordPress'], 'programming-languages': ['PHP'], 'blogs': ['PHP', 'WordPress'], 'marketing-automation': ['Yoast SEO'], 'javascript-frameworks': ['jQuery']}","{'job_opening_admin': '', 'job_opening_engg': '', 'job_opening_analytics': '', 'job_opening_IT': '', 'job_opening_marketing': '', 'job_opening_sales': '', 'ai_first': 'No', 'certificate': 'No', 'community': 'No', 'demo': 'No', 'ecommerce': 'No', 'event': 'No', 'free_plan': 'No', 'free_trial': 'No', 'generative_ai': 'No', 'job_page': 'No', 'newsletter': 'No', 'offer': 'No', 'partner': 'No', 'plg': 'No', 'press_release': 'No', 'pricing': 'No', 'product_tour': 'No', 'video_content': 'No', 'webinar': 'No'}",valid,www.griffitharchitects.com
,https://www.instagram.com/kmdikravmaga,,https://www.facebook.com/KMDI.Gym,,{'tag-managers': ['Google Tag Manager']},"{'certificate': 'Yes', 'offer': 'Yes', 'event': 'Yes', 'job_opening_admin': '', 'job_opening_engg': '', 'job_opening_analytics': '', 'job_opening_IT': '', 'job_opening_marketing': '', 'job_opening_sales': '', 'ai_first': 'No', 'community': 'No', 'demo': 'No', 'ecommerce': 'No', 'free_plan': 'No', 'free_trial': 'No', 'generative_ai': 'No', 'job_page': 'No', 'newsletter': 'No', 'partner': 'No', 'plg': 'No', 'press_release': 'No', 'pricing': 'No', 'product_tour': 'No', 'video_content': 'No', 'webinar': 'No'}",valid,www.kmdi.com.au
,,,,,,"{'job_opening_admin': '', 'job_opening_engg': '', 'job_opening_analytics': '', 'job_opening_IT': '', 'job_opening_marketing': '', 'job_opening_sales': '', 'ai_first': 'No', 'certificate': 'No', 'community': 'No', 'demo': 'No', 'ecommerce': 'No', 'event': 'No', 'free_plan': 'No', 'free_trial': 'No', 'generative_ai': 'No', 'job_page': 'No', 'newsletter': 'No', 'offer': 'No', 'partner': 'No', 'plg': 'No', 'press_release': 'No', 'pricing': 'No', 'product_tour': 'No', 'video_content': 'No', 'webinar': 'No'}",valid,www.londonriversidefoundation.org.uk
,,,https://de-de.facebook.com/verdinserhof,"texthtml; charset=utf-8 http-equiv=content-typemax-snippet:-1, max-image-preview:large, max-video-preview:-1 name=robotsDer Verdinserhof ist ein 4-Sterne-Wellnesshotel in Schenna bei Meran. Entdecken Sie diesen herrlichen Ort im Meranerland link crossorigin= href=https:fonts.googleapis.com rel=preco","{'font-scripts': ['Google Font API'], 'tag-managers': ['Google Tag Manager']}","{'job_opening_admin': '', 'job_opening_engg': '', 'job_opening_analytics': '', 'job_opening_IT': '', 'job_opening_marketing': '', 'job_opening_sales': '', 'ai_first': 'No', 'certificate': 'No', 'community': 'No', 'demo': 'No', 'ecommerce': 'No', 'event': 'No', 'free_plan': 'No', 'free_trial': 'No', 'generative_ai': 'No', 'job_page': 'No', 'newsletter': 'No', 'offer': 'No', 'partner': 'No', 'plg': 'No', 'press_release': 'No', 'pricing': 'No', 'product_tour': 'No', 'video_content': 'No', 'webinar': 'No'}",valid,www.verdinserhof.it
,,,https://www.facebook.com/BlackfordCountyAnimalShelter,,"{'font-scripts': ['Google Font API'], 'web-frameworks': ['Twitter Bootstrap']}","{'event': 'Yes', 'job_opening_admin': '', 'job_opening_engg': '', 'job_opening_analytics': '', 'job_opening_IT': '', 'job_opening_marketing': '', 'job_opening_sales': '', 'ai_first': 'No', 'certificate': 'No', 'community': 'No', 'demo': 'No', 'ecommerce': 'No', 'free_plan': 'No', 'free_trial': 'No', 'generative_ai': 'No', 'job_page': 'No', 'newsletter': 'No', 'offer': 'No', 'partner': 'No', 'plg': 'No', 'press_release': 'No', 'pricing': 'No', 'product_tour': 'No', 'video_content': 'No', 'webinar': 'No'}",valid,www.blackfordcountyanimalshelter.com
,,,,,,"{'job_opening_admin': '', 'job_opening_engg': '', 'job_opening_analytics': '', 'job_opening_IT': '', 'job_opening_marketing': '', 'job_opening_sales': '', 'ai_first': 'No', 'certificate': 'No', 'community': 'No', 'demo': 'No', 'ecommerce': 'No', 'event': 'No', 'free_plan': 'No', 'free_trial': 'No', 'generative_ai': 'No', 'job_page': 'No', 'newsletter': 'No', 'offer': 'No', 'partner': 'No', 'plg': 'No', 'press_release': 'No', 'pricing': 'No', 'product_tour': 'No', 'video_content': 'No', 'webinar': 'No'}",connection error,www.rwt-austria.at
,,,,,,"{'job_opening_admin': '', 'job_opening_engg': '', 'job_opening_analytics': '', 'job_opening_IT': '', 'job_opening_marketing': '', 'job_opening_sales': '', 'ai_first': 'No', 'certificate': 'No', 'community': 'No', 'demo': 'No', 'ecommerce': 'No', 'event': 'No', 'free_plan': 'No', 'free_trial': 'No', 'generative_ai': 'No', 'job_page': 'No', 'newsletter': 'No', 'offer': 'No', 'partner': 'No', 'plg': 'No', 'press_release': 'No', 'pricing': 'No', 'product_tour': 'No', 'video_content': 'No', 'webinar': 'No'}",valid,www.tripowerc.com
,,,,,{'javascript-frameworks': ['jQuery']},"{'job_opening_admin': '', 'job_opening_engg': '', 'job_opening_analytics': '', 'job_opening_IT': '', 'job_opening_marketing': '', 'job_opening_sales': '', 'ai_first': 'No', 'certificate': 'No', 'community': 'No', 'demo': 'No', 'ecommerce': 'No', 'event': 'No', 'free_plan': 'No', 'free_trial': 'No', 'generative_ai': 'No', 'job_page': 'No', 'newsletter': 'No', 'offer': 'No', 'partner': 'No', 'plg': 'No', 'press_release': 'No', 'pricing': 'No', 'product_tour': 'No', 'video_content': 'No', 'webinar': 'No'}",valid,www.keithbinkley.com
linkedin,instagram,twitter,facebook,description,technographic,company_type,validation_status,input_domain
,,,,,,"{'job_opening_admin': '', 'job_opening_engg': '', 'job_opening_analytics': '', 'job_opening_IT': '', 'job_opening_marketing': '', 'job_opening_sales': '', 'ai_first': 'No', 'certificate': 'No', 'community': 'No', 'demo': 'No', 'ecommerce': 'No', 'event': 'No', 'free_plan': 'No', 'free_trial': 'No', 'generative_ai': 'No', 'job_page': 'No', 'newsletter': 'No', 'offer': 'No', 'partner': 'No', 'plg': 'No', 'press_release': 'No', 'pricing': 'No', 'product_tour': 'No', 'video_content': 'No', 'webinar': 'No'}",valid,www.modernobistro.com
,,,,Manufacturers of quality marine seacocks forged from DZR brass corrosion resistant material. ISO approved seacock valves for boats.,"{'web-frameworks': ['Twitter Bootstrap'], 'ecommerce': ['WooCommerce'], 'cms': ['WordPress'], 'programming-languages': ['PHP'], 'blogs': ['PHP', 'WordPress'], 'marketing-automation': ['Yoast SEO'], 'javascript-frameworks': ['jQuery']}","{'ecommerce': 'Yes', 'job_opening_admin': '', 'job_opening_engg': '', 'job_opening_analytics': '', 'job_opening_IT': '', 'job_opening_marketing': '', 'job_opening_sales': '', 'ai_first': 'No', 'certificate': 'No', 'community': 'No', 'demo': 'No', 'event': 'No', 'free_plan': 'No', 'free_trial': 'No', 'generative_ai': 'No', 'job_page': 'No', 'newsletter': 'No', 'offer': 'No', 'partner': 'No', 'plg': 'No', 'press_release': 'No', 'pricing': 'No', 'product_tour': 'No', 'video_content': 'No', 'webinar': 'No'}",valid,www.seaseal.co.uk
,,,,,,"{'job_opening_admin': '', 'job_opening_engg': '', 'job_opening_analytics': '', 'job_opening_IT': '', 'job_opening_marketing': '', 'job_opening_sales': '', 'ai_first': 'No', 'certificate': 'No', 'community': 'No', 'demo': 'No', 'ecommerce': 'No', 'event': 'No', 'free_plan': 'No', 'free_trial': 'No', 'generative_ai': 'No', 'job_page': 'No', 'newsletter': 'No', 'offer': 'No', 'partner': 'No', 'plg': 'No', 'press_release': 'No', 'pricing': 'No', 'product_tour': 'No', 'video_content': 'No', 'webinar': 'No'}",valid,www.sgpsf.org
https://ca.linkedin.com/in/geordie-mcdonald-050a9379,https://www.instagram.com/geowmcd,,https://www.facebook.com/encompasstvl,"Encompass Travel offers you authentic, unique and luxurious travel experiences in the world’s most captivating destinations.","{'font-scripts': ['Font Awesome', 'Google Font API'], 'web-frameworks': ['Twitter Bootstrap'], 'cms': ['WordPress'], 'programming-languages': ['PHP'], 'blogs': ['PHP', 'WordPress'], 'marketing-automation': ['Yoast SEO'], 'javascript-frameworks': ['jQuery']}","{'job_opening_admin': '', 'job_opening_engg': '', 'job_opening_analytics': '', 'job_opening_IT': '', 'job_opening_marketing': '', 'job_opening_sales': '', 'ai_first': 'No', 'certificate': 'No', 'community': 'No', 'demo': 'No', 'ecommerce': 'No', 'event': 'No', 'free_plan': 'No', 'free_trial': 'No', 'generative_ai': 'No', 'job_page': 'No', 'newsletter': 'No', 'offer': 'No', 'partner': 'No', 'plg': 'No', 'press_release': 'No', 'pricing': 'No', 'product_tour': 'No', 'video_content': 'No', 'webinar': 'No'}",valid,www.encompasstravel.ca
https://www.linkedin.com,https://www.instagram.com,https://twitter.com,https://www.facebook.com,,{'font-scripts': ['Google Font API']},"{'ecommerce': 'Yes', 'job_opening_admin': '', 'job_opening_engg': '', 'job_opening_analytics': '', 'job_opening_IT': '', 'job_opening_marketing': '', 'job_opening_sales': '', 'ai_first': 'No', 'certificate': 'No', 'community': 'No', 'demo': 'No', 'event': 'No', 'free_plan': 'No', 'free_trial': 'No', 'generative_ai': 'No', 'job_page': 'No', 'newsletter': 'No', 'offer': 'No', 'partner': 'No', 'plg': 'No', 'press_release': 'No', 'pricing': 'No', 'product_tour': 'No', 'video_content': 'No', 'webinar': 'No'}",valid,www.swiftlease.co.uk
,,,,,"{'font-scripts': ['Font Awesome', 'Google Font API'], 'tag-managers': ['Google Tag Manager'], 'widgets': ['OWL Carousel'], 'javascript-frameworks': ['jQuery'], 'photo-galleries': ['jQuery'], 'web-frameworks': ['Twitter Bootstrap'], 'cms': ['WordPress'], 'programming-languages': ['PHP'], 'blogs': ['PHP', 'WordPress'], 'marketing-automation': ['Yoast SEO']}","{'job_opening_admin': '', 'job_opening_engg': '', 'job_opening_analytics': '', 'job_opening_IT': '', 'job_opening_marketing': '', 'job_opening_sales': '', 'ai_first': 'No', 'certificate': 'No', 'community': 'No', 'demo': 'No', 'ecommerce': 'No', 'event': 'No', 'free_plan': 'No', 'free_trial': 'No', 'generative_ai': 'No', 'job_page': 'No', 'newsletter': 'No', 'offer': 'No', 'partner': 'No', 'plg': 'No', 'press_release': 'No', 'pricing': 'No', 'product_tour': 'No', 'video_content': 'No', 'webinar': 'No'}",valid,www.bangkokbase.com
,,,,"Transforming the lives of people with intellectual and developmental disabilities in Central Florida for over 60 Years, by empowering individuals to discover and explore new opportunities through a comprehensive and proven system of training, employment and residential programs and services.",,"{'partner': 'Yes', 'event': 'Yes', 'certificate': 'Yes', 'job_page': 'Yes', 'job_opening_admin': 'No', 'job_opening_engg': 'No', 'job_opening_analytics': 'No', 'job_opening_IT': 'Yes', 'job_opening_marketing': 'No', 'job_opening_sales': 'No', 'ai_first': 'No', 'community': 'No', 'demo': 'No', 'ecommerce': 'No', 'free_plan': 'No', 'free_trial': 'No', 'generative_ai': 'No', 'newsletter': 'No', 'offer': 'No', 'plg': 'No', 'press_release': 'No', 'pricing': 'No', 'product_tour': 'No', 'video_content': 'No', 'webinar': 'No'}",valid,www.primrosecenter.org
,,,,,"{'cms': ['WordPress'], 'programming-languages': ['PHP'], 'blogs': ['PHP'], 'javascript-frameworks': ['jQuery']}","{'ecommerce': 'Yes', 'pricing': 'Yes', 'job_opening_admin': '', 'job_opening_engg': '', 'job_opening_analytics': '', 'job_opening_IT': '', 'job_opening_marketing': '', 'job_opening_sales': '', 'ai_first': 'No', 'certificate': 'No', 'community': 'No', 'demo': 'No', 'event': 'No', 'free_plan': 'No', 'free_trial': 'No', 'generative_ai': 'No', 'job_page': 'No', 'newsletter': 'No', 'offer': 'No', 'partner': 'No', 'plg': 'No', 'press_release': 'No', 'product_tour': 'No', 'video_content': 'No', 'webinar': 'No'}",valid,www.kaiunkan-ee.com
,https://www.instagram.com/wanderaweddings,,https://facebook.com,,"{'font-scripts': ['Google Font API'], 'javascript-frameworks': ['jQuery']}","{'job_opening_admin': '', 'job_opening_engg': '', 'job_opening_analytics': '', 'job_opening_IT': '', 'job_opening_marketing': '', 'job_opening_sales': '', 'ai_first': 'No', 'certificate': 'No', 'community': 'No', 'demo': 'No', 'ecommerce': 'No', 'event': 'No', 'free_plan': 'No', 'free_trial': 'No', 'generative_ai': 'No', 'job_page': 'No', 'newsletter': 'No', 'offer': 'No', 'partner': 'No', 'plg': 'No', 'press_release': 'No', 'pricing': 'No', 'product_tour': 'No', 'video_content': 'No', 'webinar': 'No'}",valid,www.wanderaweddings.com
https://www.linkedin.com/company/27115732,https://www.instagram.com/stories/highlights/17888380922086278,,,,"{'photo-galleries': ['Lightbox'], 'javascript-frameworks': ['Lightbox', 'React', 'RequireJS']}","{'ecommerce': 'Yes', 'job_opening_admin': '', 'job_opening_engg': '', 'job_opening_analytics': '', 'job_opening_IT': '', 'job_opening_marketing': '', 'job_opening_sales': '', 'ai_first': 'No', 'certificate': 'No', 'community': 'No', 'demo': 'No', 'event': 'No', 'free_plan': 'No', 'free_trial': 'No', 'generative_ai': 'No', 'job_page': 'No', 'newsletter': 'No', 'offer': 'No', 'partner': 'No', 'plg': 'No', 'press_release': 'No', 'pricing': 'No', 'product_tour': 'No', 'video_content': 'No', 'webinar': 'No'}",valid,www.harleyoliver.com
,,,,,,"{'job_opening_admin': '', 'job_opening_engg': '', 'job_opening_analytics': '', 'job_opening_IT': '', 'job_opening_marketing': '', 'job_opening_sales': '', 'ai_first': 'No', 'certificate': 'No', 'community': 'No', 'demo': 'No', 'ecommerce': 'No', 'event': 'No', 'free_plan': 'No', 'free_trial': 'No', 'generative_ai': 'No', 'job_page': 'No', 'newsletter': 'No', 'offer': 'No', 'partner': 'No', 'plg': 'No', 'press_release': 'No', 'pricing': 'No', 'product_tour': 'No', 'video_content': 'No', 'webinar': 'No'}",timeout error,www.mailpouchmailing.com
https://www.linkedin.com/company/limoso,https://www.instagram.com/limosoaustralia,https://twitter.com/limosoaustralia,https://www.facebook.com/limosoaustralia?fref=ts&ref=br_tf,"Looking for an unbeatable limo hire in Brisbane? Limoso's vast, luxurious offerings and customer-first approach set us apart from all care hires - try us today! Book chauffeured car services and airport transfers in Brisbane, Gold Coast, Surfers Paradise, Main Beach, Broadbeach.","{'font-scripts': ['Font Awesome', 'Google Font API'], 'web-frameworks': ['Twitter Bootstrap'], 'javascript-frameworks': ['jQuery']}","{'job_opening_admin': '', 'job_opening_engg': '', 'job_opening_analytics': '', 'job_opening_IT': '', 'job_opening_marketing': '', 'job_opening_sales': '', 'ai_first': 'No', 'certificate': 'No', 'community': 'No', 'demo': 'No', 'ecommerce': 'No', 'event': 'No', 'free_plan': 'No', 'free_trial': 'No', 'generative_ai': 'No', 'job_page': 'No', 'newsletter': 'No', 'offer': 'No', 'partner': 'No', 'plg': 'No', 'press_release': 'No', 'pricing': 'No', 'product_tour': 'No', 'video_content': 'No', 'webinar': 'No'}",valid,www.limoso.com.au
,,,,"Official site of New Zealand Tourism, Business, and Investment. Activities, tours, maps and accommodation to plan your New Zealand holiday. Find out about New Zealand made products and investing in New Zealand businesses.",{'javascript-frameworks': ['Prototype']},"{'job_opening_admin': '', 'job_opening_engg': '', 'job_opening_analytics': '', 'job_opening_IT': '', 'job_opening_marketing': '', 'job_opening_sales': '', 'ai_first': 'No', 'certificate': 'No', 'community': 'No', 'demo': 'No', 'ecommerce': 'No', 'event': 'No', 'free_plan': 'No', 'free_trial': 'No', 'generative_ai': 'No', 'job_page': 'No', 'newsletter': 'No', 'offer': 'No', 'partner': 'No', 'plg': 'No', 'press_release': 'No', 'pricing': 'No', 'product_tour': 'No', 'video_content': 'No', 'webinar': 'No'}",valid,www.newzealand.com
,,,,,{'javascript-frameworks': ['Prototype']},"{'job_opening_admin': '', 'job_opening_engg': '', 'job_opening_analytics': '', 'job_opening_IT': '', 'job_opening_marketing': '', 'job_opening_sales': '', 'ai_first': 'No', 'certificate': 'No', 'community': 'No', 'demo': 'No', 'ecommerce': 'No', 'event': 'No', 'free_plan': 'No', 'free_trial': 'No', 'generative_ai': 'No', 'job_page': 'No', 'newsletter': 'No', 'offer': 'No', 'partner': 'No', 'plg': 'No', 'press_release': 'No', 'pricing': 'No', 'product_tour': 'No', 'video_content': 'No', 'webinar': 'No'}",valid,www.windoworigins.com
,,,,,,"{'job_opening_admin': '', 'job_opening_engg': '', 'job_opening_analytics': '', 'job_opening_IT': '', 'job_opening_marketing': '', 'job_opening_sales': '', 'ai_first': 'No', 'certificate': 'No', 'community': 'No', 'demo': 'No', 'ecommerce': 'No', 'event': 'No', 'free_plan': 'No', 'free_trial': 'No', 'generative_ai': 'No', 'job_page': 'No', 'newsletter': 'No', 'offer': 'No', 'partner': 'No', 'plg': 'No', 'press_release': 'No', 'pricing': 'No', 'product_tour': 'No', 'video_content': 'No', 'webinar': 'No'}",timeout error,www.flashburnpromotions.com
,,,,"L\'OPH de Drancy a pour vocation de permettre l’accession à un logement de qualité au meilleur prix. En lien avec la Ville de Drancy, l\'Office Public d\'Habitation met en œuvre un ensemble de mesures pour atteindre cet objectif.","{'font-scripts': ['Google Font API'], 'javascript-frameworks': ['Modernizr', 'jQuery', 'Underscore.js', 'jQuery UI'], 'widgets': ['OWL Carousel'], 'photo-galleries': ['jQuery'], 'web-frameworks': ['Twitter Bootstrap'], 'ecommerce': ['WooCommerce'], 'cms': ['WordPress'], 'programming-languages': ['PHP'], 'blogs': ['PHP', 'WordPress']}","{'job_opening_admin': '', 'job_opening_engg': '', 'job_opening_analytics': '', 'job_opening_IT': '', 'job_opening_marketing': '', 'job_opening_sales': '', 'ai_first': 'No', 'certificate': 'No', 'community': 'No', 'demo': 'No', 'ecommerce': 'No', 'event': 'No', 'free_plan': 'No', 'free_trial': 'No', 'generative_ai': 'No', 'job_page': 'No', 'newsletter': 'No', 'offer': 'No', 'partner': 'No', 'plg': 'No', 'press_release': 'No', 'pricing': 'No', 'product_tour': 'No', 'video_content': 'No', 'webinar': 'No'}",valid,www.ophdrancy.com
https://www.linkedin.com/in/salvatore-gerbino-97a75280,https://www.instagram.com/pinhaslaw,,https://www.facebook.com/PinhasLaw,,"{'font-scripts': ['Google Font API'], 'photo-galleries': ['Lightbox'], 'javascript-frameworks': ['Lightbox'], 'web-frameworks': ['Twitter Bootstrap']}","{'job_opening_admin': '', 'job_opening_engg': '', 'job_opening_analytics': '', 'job_opening_IT': '', 'job_opening_marketing': '', 'job_opening_sales': '', 'ai_first': 'No', 'certificate': 'No', 'community': 'No', 'demo': 'No', 'ecommerce': 'No', 'event': 'No', 'free_plan': 'No', 'free_trial': 'No', 'generative_ai': 'No', 'job_page': 'No', 'newsletter': 'No', 'offer': 'No', 'partner': 'No', 'plg': 'No', 'press_release': 'No', 'pricing': 'No', 'product_tour': 'No', 'video_content': 'No', 'webinar': 'No'}",valid,www.pinhaslaw.com
,,,,,,"{'job_opening_admin': '', 'job_opening_engg': '', 'job_opening_analytics': '', 'job_opening_IT': '', 'job_opening_marketing': '', 'job_opening_sales': '', 'ai_first': 'No', 'certificate': 'No', 'community': 'No', 'demo': 'No', 'ecommerce': 'No', 'event': 'No', 'free_plan': 'No', 'free_trial': 'No', 'generative_ai': 'No', 'job_page': 'No', 'newsletter': 'No', 'offer': 'No', 'partner': 'No', 'plg': 'No', 'press_release': 'No', 'pricing': 'No', 'product_tour': 'No', 'video_content': 'No', 'webinar': 'No'}",valid,www.lrbrasher.com
,,,,,,"{'job_opening_admin': '', 'job_opening_engg': '', 'job_opening_analytics': '', 'job_opening_IT': '', 'job_opening_marketing': '', 'job_opening_sales': '', 'ai_first': 'No', 'certificate': 'No', 'community': 'No', 'demo': 'No', 'ecommerce': 'No', 'event': 'No', 'free_plan': 'No', 'free_trial': 'No', 'generative_ai': 'No', 'job_page': 'No', 'newsletter': 'No', 'offer': 'No', 'partner': 'No', 'plg': 'No', 'press_release': 'No', 'pricing': 'No', 'product_tour': 'No', 'video_content': 'No', 'webinar': 'No'}",valid,www.catalyst360.com.ph
,,,,,,"{'job_opening_admin': '', 'job_opening_engg': '', 'job_opening_analytics': '', 'job_opening_IT': '', 'job_opening_marketing': '', 'job_opening_sales': '', 'ai_first': 'No', 'certificate': 'No', 'community': 'No', 'demo': 'No', 'ecommerce': 'No', 'event': 'No', 'free_plan': 'No', 'free_trial': 'No', 'generative_ai': 'No', 'job_page': 'No', 'newsletter': 'No', 'offer': 'No', 'partner': 'No', 'plg': 'No', 'press_release': 'No', 'pricing': 'No', 'product_tour': 'No', 'video_content': 'No', 'webinar': 'No'}",valid,www.cortlandgroup.com
linkedin,instagram,twitter,facebook,description,technographic,company_type,validation_status,input_domain
,,,,"Since 1982, Lamar Contractors has been leading the way of  Construction Management Strategies in Commercial, Residential. and Disaster Recovery efforts.",,"{'job_opening_admin': '', 'job_opening_engg': '', 'job_opening_analytics': '', 'job_opening_IT': '', 'job_opening_marketing': '', 'job_opening_sales': '', 'ai_first': 'No', 'certificate': 'No', 'community': 'No', 'demo': 'No', 'ecommerce': 'No', 'event': 'No', 'free_plan': 'No', 'free_trial': 'No', 'generative_ai': 'No', 'job_page': 'No', 'newsletter': 'No', 'offer': 'No', 'partner': 'No', 'plg': 'No', 'press_release': 'No', 'pricing': 'No', 'product_tour': 'No', 'video_content': 'No', 'webinar': 'No'}",valid,www.lamarcontractors.com
,,,,Sometimes it’s tough to know where to turn when your dog or cat isn’t feeling well. That’s why we created PetCare Express as the affordable alternative to maintaining your pet’s health without sacrificing quality of care. 2 convenient Houston locations off Holcombe and W 34th. Serving those in and a,,"{'ecommerce': 'Yes', 'job_opening_admin': '', 'job_opening_engg': '', 'job_opening_analytics': '', 'job_opening_IT': '', 'job_opening_marketing': '', 'job_opening_sales': '', 'ai_first': 'No', 'certificate': 'No', 'community': 'No', 'demo': 'No', 'event': 'No', 'free_plan': 'No', 'free_trial': 'No', 'generative_ai': 'No', 'job_page': 'No', 'newsletter': 'No', 'offer': 'No', 'partner': 'No', 'plg': 'No', 'press_release': 'No', 'pricing': 'No', 'product_tour': 'No', 'video_content': 'No', 'webinar': 'No'}",valid,www.petcareexpress.net
,,,,"Proof Interactive is an award-winning, independent firm located in Las Vegas, Nevada.  We are focused on strategic thinking, design, programming and marketing for the interactive environment.","{'tag-managers': ['Google Tag Manager'], 'javascript-frameworks': ['Modernizr', 'TweenMax', 'jQuery']}","{'job_opening_admin': '', 'job_opening_engg': '', 'job_opening_analytics': '', 'job_opening_IT': '', 'job_opening_marketing': '', 'job_opening_sales': '', 'ai_first': 'No', 'certificate': 'No', 'community': 'No', 'demo': 'No', 'ecommerce': 'No', 'event': 'No', 'free_plan': 'No', 'free_trial': 'No', 'generative_ai': 'No', 'job_page': 'No', 'newsletter': 'No', 'offer': 'No', 'partner': 'No', 'plg': 'No', 'press_release': 'No', 'pricing': 'No', 'product_tour': 'No', 'video_content': 'No', 'webinar': 'No'}",valid,www.proofinteractive.com
https://www.linkedin.com/company/multi-germany,,,,,"{'maps': ['Google Maps'], 'web-frameworks': ['Twitter Bootstrap'], 'cms': ['WordPress'], 'programming-languages': ['PHP'], 'blogs': ['PHP', 'WordPress'], 'marketing-automation': ['Yoast SEO'], 'javascript-frameworks': ['jQuery']}","{'job_opening_admin': '', 'job_opening_engg': '', 'job_opening_analytics': '', 'job_opening_IT': '', 'job_opening_marketing': '', 'job_opening_sales': '', 'ai_first': 'No', 'certificate': 'No', 'community': 'No', 'demo': 'No', 'ecommerce': 'No', 'event': 'No', 'free_plan': 'No', 'free_trial': 'No', 'generative_ai': 'No', 'job_page': 'No', 'newsletter': 'No', 'offer': 'No', 'partner': 'No', 'plg': 'No', 'press_release': 'No', 'pricing': 'No', 'product_tour': 'No', 'video_content': 'No', 'webinar': 'No'}",valid,www.multi-germany.de
https://www.linkedin.com/in/creighton-spies-ea-48a5b189,https://www.instagram.com/spiestaxconnections,,https://www.facebook.com/318246895651458,"With over 10 years of experience, Spies Tax Connections is owned and operated by a Federally Licensed Enrolled Agent. Providing honest A-Z Tax Services!!",,"{'job_opening_admin': '', 'job_opening_engg': '', 'job_opening_analytics': '', 'job_opening_IT': '', 'job_opening_marketing': '', 'job_opening_sales': '', 'ai_first': 'No', 'certificate': 'No', 'community': 'No', 'demo': 'No', 'ecommerce': 'No', 'event': 'No', 'free_plan': 'No', 'free_trial': 'No', 'generative_ai': 'No', 'job_page': 'No', 'newsletter': 'No', 'offer': 'No', 'partner': 'No', 'plg': 'No', 'press_release': 'No', 'pricing': 'No', 'product_tour': 'No', 'video_content': 'No', 'webinar': 'No'}",valid,www.spiestaxconnections.com
,https://www.instagram.com/holmeslawnandpest,https://twitter.com/HolmesPest,https://www.facebook.com/HolmesUtah,,"{'font-scripts': ['Google Font API'], 'cache-tools': ['WP Rocket'], 'cms': ['WordPress'], 'programming-languages': ['PHP'], 'blogs': ['PHP', 'WordPress'], 'javascript-frameworks': ['jQuery']}","{'job_opening_admin': '', 'job_opening_engg': '', 'job_opening_analytics': '', 'job_opening_IT': '', 'job_opening_marketing': '', 'job_opening_sales': '', 'ai_first': 'No', 'certificate': 'No', 'community': 'No', 'demo': 'No', 'ecommerce': 'No', 'event': 'No', 'free_plan': 'No', 'free_trial': 'No', 'generative_ai': 'No', 'job_page': 'No', 'newsletter': 'No', 'offer': 'No', 'partner': 'No', 'plg': 'No', 'press_release': 'No', 'pricing': 'No', 'product_tour': 'No', 'video_content': 'No', 'webinar': 'No'}",valid,www.holmesutah.com
,,,,,"{'miscellaneous': ['SWFObject'], 'javascript-frameworks': ['jQuery']}","{'job_opening_admin': '', 'job_opening_engg': '', 'job_opening_analytics': '', 'job_opening_IT': '', 'job_opening_marketing': '', 'job_opening_sales': '', 'ai_first': 'No', 'certificate': 'No', 'community': 'No', 'demo': 'No', 'ecommerce': 'No', 'event': 'No', 'free_plan': 'No', 'free_trial': 'No', 'generative_ai': 'No', 'job_page': 'No', 'newsletter': 'No', 'offer': 'No', 'partner': 'No', 'plg': 'No', 'press_release': 'No', 'pricing': 'No', 'product_tour': 'No', 'video_content': 'No', 'webinar': 'No'}",valid,www.radiomontekanate.it
,,,,,"{'web-frameworks': ['Twitter Bootstrap'], 'javascript-frameworks': ['jQuery']}","{'job_opening_admin': '', 'job_opening_engg': '', 'job_opening_analytics': '', 'job_opening_IT': '', 'job_opening_marketing': '', 'job_opening_sales': '', 'ai_first': 'No', 'certificate': 'No', 'community': 'No', 'demo': 'No', 'ecommerce': 'No', 'event': 'No', 'free_plan': 'No', 'free_trial': 'No', 'generative_ai': 'No', 'job_page': 'No', 'newsletter': 'No', 'offer': 'No', 'partner': 'No', 'plg': 'No', 'press_release': 'No', 'pricing': 'No', 'product_tour': 'No', 'video_content': 'No', 'webinar': 'No'}",valid,www.graybills.com
,,,https://www.facebook.com/Rosalind-Henderson-Law-112197766096761,,"{'font-scripts': ['Google Font API'], 'photo-galleries': ['Lightbox'], 'javascript-frameworks': ['Lightbox', 'jQuery'], 'web-frameworks': ['Twitter Bootstrap'], 'cms': ['WordPress'], 'programming-languages': ['PHP'], 'blogs': ['PHP', 'WordPress'], 'marketing-automation': ['Yoast SEO']}","{'job_opening_admin': '', 'job_opening_engg': '', 'job_opening_analytics': '', 'job_opening_IT': '', 'job_opening_marketing': '', 'job_opening_sales': '', 'ai_first': 'No', 'certificate': 'No', 'community': 'No', 'demo': 'No', 'ecommerce': 'No', 'event': 'No', 'free_plan': 'No', 'free_trial': 'No', 'generative_ai': 'No', 'job_page': 'No', 'newsletter': 'No', 'offer': 'No', 'partner': 'No', 'plg': 'No', 'press_release': 'No', 'pricing': 'No', 'product_tour': 'No', 'video_content': 'No', 'webinar': 'No'}",valid,www.rosalindhendersonlaw.com
,https://www.instagram.com/p/CRnssyUta5f,,https://www.facebook.com/Mantells,,,"{'ecommerce': 'Yes', 'job_opening_admin': '', 'job_opening_engg': '', 'job_opening_analytics': '', 'job_opening_IT': '', 'job_opening_marketing': '', 'job_opening_sales': '', 'ai_first': 'No', 'certificate': 'No', 'community': 'No', 'demo': 'No', 'event': 'No', 'free_plan': 'No', 'free_trial': 'No', 'generative_ai': 'No', 'job_page': 'No', 'newsletter': 'No', 'offer': 'No', 'partner': 'No', 'plg': 'No', 'press_release': 'No', 'pricing': 'No', 'product_tour': 'No', 'video_content': 'No', 'webinar': 'No'}",valid,www.mantells.co.nz
,,,https://www.facebook.com/MtBakerRoofing,,"{'font-scripts': ['Font Awesome', 'Google Font API'], 'web-frameworks': ['Twitter Bootstrap'], 'ecommerce': ['WooCommerce'], 'cms': ['WordPress'], 'programming-languages': ['PHP'], 'blogs': ['PHP', 'WordPress'], 'marketing-automation': ['Yoast SEO'], 'javascript-frameworks': ['jQuery']}","{'job_opening_admin': '', 'job_opening_engg': '', 'job_opening_analytics': '', 'job_opening_IT': '', 'job_opening_marketing': '', 'job_opening_sales': '', 'ai_first': 'No', 'certificate': 'No', 'community': 'No', 'demo': 'No', 'ecommerce': 'No', 'event': 'No', 'free_plan': 'No', 'free_trial': 'No', 'generative_ai': 'No', 'job_page': 'No', 'newsletter': 'No', 'offer': 'No', 'partner': 'No', 'plg': 'No', 'press_release': 'No', 'pricing': 'No', 'product_tour': 'No', 'video_content': 'No', 'webinar': 'No'}",valid,www.mtbakerroofing.com
,,,,,,"{'job_opening_admin': '', 'job_opening_engg': '', 'job_opening_analytics': '', 'job_opening_IT': '', 'job_opening_marketing': '', 'job_opening_sales': '', 'ai_first': 'No', 'certificate': 'No', 'community': 'No', 'demo': 'No', 'ecommerce': 'No', 'event': 'No', 'free_plan': 'No', 'free_trial': 'No', 'generative_ai': 'No', 'job_page': 'No', 'newsletter': 'No', 'offer': 'No', 'partner': 'No', 'plg': 'No', 'press_release': 'No', 'pricing': 'No', 'product_tour': 'No', 'video_content': 'No', 'webinar': 'No'}",connection error,www.frezza3d.com
https://www.linkedin.com/company/hoover-pumping-systems,,https://twitter.com/hooverpumps,https://www.facebook.com/HooverPumpingSystems,"Need a complete irrigation solution? Talk to us about smart irrigation &amp; Hoover-designed, built &amp; installed irrigation pump stations for your operatio...","{'tag-managers': ['Google Tag Manager'], 'cms': ['Joomla'], 'programming-languages': ['PHP'], 'miscellaneous': ['K2'], 'widgets': ['OWL Carousel'], 'javascript-frameworks': ['jQuery', 'Zepto'], 'photo-galleries': ['jQuery'], 'web-frameworks': ['Twitter Bootstrap']}","{'job_page': 'Yes', 'job_opening_admin': '', 'job_opening_engg': '', 'job_opening_analytics': '', 'job_opening_IT': '', 'job_opening_marketing': '', 'job_opening_sales': '', 'ai_first': 'No', 'certificate': 'No', 'community': 'No', 'demo': 'No', 'ecommerce': 'No', 'event': 'No', 'free_plan': 'No', 'free_trial': 'No', 'generative_ai': 'No', 'newsletter': 'No', 'offer': 'No', 'partner': 'No', 'plg': 'No', 'press_release': 'No', 'pricing': 'No', 'product_tour': 'No', 'video_content': 'No', 'webinar': 'No'}",valid,www.hooverpumping.com
,,,https://www.facebook.com/dkrehbielinsurance,,"{'javascript-frameworks': ['Modernizr', 'jQuery'], 'cms': ['WordPress'], 'programming-languages': ['PHP'], 'blogs': ['PHP', 'WordPress']}","{'job_opening_admin': '', 'job_opening_engg': '', 'job_opening_analytics': '', 'job_opening_IT': '', 'job_opening_marketing': '', 'job_opening_sales': '', 'ai_first': 'No', 'certificate': 'No', 'community': 'No', 'demo': 'No', 'ecommerce': 'No', 'event': 'No', 'free_plan': 'No', 'free_trial': 'No', 'generative_ai': 'No', 'job_page': 'No', 'newsletter': 'No', 'offer': 'No', 'partner': 'No', 'plg': 'No', 'press_release': 'No', 'pricing': 'No', 'product_tour': 'No', 'video_content': 'No', 'webinar': 'No'}",valid,www.krehbielins.com
,,,,"Inwestujemy w zakup pewnych nieruchomości i emitujemy obligacje korporacyjne, które stanowią dla naszych inwestorów alternatywę lokaty bankowej. Zapraszamy!","{'programming-languages': ['Perl', 'PHP'], 'font-scripts': ['Font Awesome', 'Google Font API'], 'tag-managers': ['Google Tag Manager'], 'widgets': ['Lockerz Share'], 'javascript-frameworks': ['RequireJS', 'jQuery', 'jQuery UI'], 'web-frameworks': ['Twitter Bootstrap'], 'cms': ['WordPress'], 'blogs': ['PHP', 'WordPress'], 'cache-tools': ['WordPress Super Cache']}","{'job_opening_admin': '', 'job_opening_engg': '', 'job_opening_analytics': '', 'job_opening_IT': '', 'job_opening_marketing': '', 'job_opening_sales': '', 'ai_first': 'No', 'certificate': 'No', 'community': 'No', 'demo': 'No', 'ecommerce': 'No', 'event': 'No', 'free_plan': 'No', 'free_trial': 'No', 'generative_ai': 'No', 'job_page': 'No', 'newsletter': 'No', 'offer': 'No', 'partner': 'No', 'plg': 'No', 'press_release': 'No', 'pricing': 'No', 'product_tour': 'No', 'video_content': 'No', 'webinar': 'No'}",valid,www.big.biz.pl
,,,,,"{'cms': ['WordPress'], 'programming-languages': ['PHP'], 'blogs': ['PHP']}","{'job_opening_admin': '', 'job_opening_engg': '', 'job_opening_analytics': '', 'job_opening_IT': '', 'job_opening_marketing': '', 'job_opening_sales': '', 'ai_first': 'No', 'certificate': 'No', 'community': 'No', 'demo': 'No', 'ecommerce': 'No', 'event': 'No', 'free_plan': 'No', 'free_trial': 'No', 'generative_ai': 'No', 'job_page': 'No', 'newsletter': 'No', 'offer': 'No', 'partner': 'No', 'plg': 'No', 'press_release': 'No', 'pricing': 'No', 'product_tour': 'No', 'video_content': 'No', 'webinar': 'No'}",valid,www.apparelbridge.com
,https://www.instagram.com/underworldok,,https://www.facebook.com/underworld.com.ar,,"{'font-scripts': ['Google Font API', 'Ionicons'], 'javascript-frameworks': ['RequireJS', 'Underscore.js', 'jQuery'], 'web-frameworks': ['Twitter Bootstrap'], 'ecommerce': ['WooCommerce'], 'cms': ['WordPress'], 'programming-languages': ['PHP'], 'blogs': ['PHP', 'WordPress'], 'marketing-automation': ['Yoast SEO']}","{'ecommerce': 'Yes', 'job_opening_admin': '', 'job_opening_engg': '', 'job_opening_analytics': '', 'job_opening_IT': '', 'job_opening_marketing': '', 'job_opening_sales': '', 'ai_first': 'No', 'certificate': 'No', 'community': 'No', 'demo': 'No', 'event': 'No', 'free_plan': 'No', 'free_trial': 'No', 'generative_ai': 'No', 'job_page': 'No', 'newsletter': 'No', 'offer': 'No', 'partner': 'No', 'plg': 'No', 'press_release': 'No', 'pricing': 'No', 'product_tour': 'No', 'video_content': 'No', 'webinar': 'No'}",valid,www.underworld.com.ar
,,,,Lee Brothers Leasing Company sells and services  vehicles in the greater Reno NV area.,"{'tag-managers': ['Google Tag Manager'], 'javascript-frameworks': ['Prototype', 'React', 'RequireJS', 'jQuery', 'jQuery UI'], 'web-frameworks': ['Twitter Bootstrap']}","{'job_opening_admin': '', 'job_opening_engg': '', 'job_opening_analytics': '', 'job_opening_IT': '', 'job_opening_marketing': '', 'job_opening_sales': '', 'ai_first': 'No', 'certificate': 'No', 'community': 'No', 'demo': 'No', 'ecommerce': 'No', 'event': 'No', 'free_plan': 'No', 'free_trial': 'No', 'generative_ai': 'No', 'job_page': 'No', 'newsletter': 'No', 'offer': 'No', 'partner': 'No', 'plg': 'No', 'press_release': 'No', 'pricing': 'No', 'product_tour': 'No', 'video_content': 'No', 'webinar': 'No'}",valid,www.leebrosleasing.com
,,,,,{'javascript-frameworks': ['Prototype']},"{'job_opening_admin': '', 'job_opening_engg': '', 'job_opening_analytics': '', 'job_opening_IT': '', 'job_opening_marketing': '', 'job_opening_sales': '', 'ai_first': 'No', 'certificate': 'No', 'community': 'No', 'demo': 'No', 'ecommerce': 'No', 'event': 'No', 'free_plan': 'No', 'free_trial': 'No', 'generative_ai': 'No', 'job_page': 'No', 'newsletter': 'No', 'offer': 'No', 'partner': 'No', 'plg': 'No', 'press_release': 'No', 'pricing': 'No', 'product_tour': 'No', 'video_content': 'No', 'webinar': 'No'}",valid,www.stockton-scurry-smith.com
,,,,,,"{'job_opening_admin': '', 'job_opening_engg': '', 'job_opening_analytics': '', 'job_opening_IT': '', 'job_opening_marketing': '', 'job_opening_sales': '', 'ai_first': 'No', 'certificate': 'No', 'community': 'No', 'demo': 'No', 'ecommerce': 'No', 'event': 'No', 'free_plan': 'No', 'free_trial': 'No', 'generative_ai': 'No', 'job_page': 'No', 'newsletter': 'No', 'offer': 'No', 'partner': 'No', 'plg': 'No', 'press_release': 'No', 'pricing': 'No', 'product_tour': 'No', 'video_content': 'No', 'webinar': 'No'}",redirecting,www.williamsandknack.com
linkedin,instagram,twitter,facebook,description,technographic,company_type,validation_status,input_domain
,,,,,{'javascript-frameworks': ['Prototype']},"{'job_opening_admin': '', 'job_opening_engg': '', 'job_opening_analytics': '', 'job_opening_IT': '', 'job_opening_marketing': '', 'job_opening_sales': '', 'ai_first': 'No', 'certificate': 'No', 'community': 'No', 'demo': 'No', 'ecommerce': 'No', 'event': 'No', 'free_plan': 'No', 'free_trial': 'No', 'generative_ai': 'No', 'job_page': 'No', 'newsletter': 'No', 'offer': 'No', 'partner': 'No', 'plg': 'No', 'press_release': 'No', 'pricing': 'No', 'product_tour': 'No', 'video_content': 'No', 'webinar': 'No'}",valid,www.adaughterstouchhomehealth.com
,https://www.instagram.com/somerset_capnj,,https://www.facebook.com/SCAPNJ,,"{'font-scripts': ['Google Font API'], 'web-frameworks': ['Twitter Bootstrap'], 'ecommerce': ['WooCommerce'], 'cms': ['WordPress'], 'programming-languages': ['PHP'], 'blogs': ['PHP', 'WordPress'], 'javascript-frameworks': ['jQuery']}","{'event': 'Yes', 'job_opening_admin': '', 'job_opening_engg': '', 'job_opening_analytics': '', 'job_opening_IT': '', 'job_opening_marketing': '', 'job_opening_sales': '', 'ai_first': 'No', 'certificate': 'No', 'community': 'No', 'demo': 'No', 'ecommerce': 'No', 'free_plan': 'No', 'free_trial': 'No', 'generative_ai': 'No', 'job_page': 'No', 'newsletter': 'No', 'offer': 'No', 'partner': 'No', 'plg': 'No', 'press_release': 'No', 'pricing': 'No', 'product_tour': 'No', 'video_content': 'No', 'webinar': 'No'}",valid,www.somersetcap.org
,,,,,{'javascript-frameworks': ['Prototype']},"{'job_opening_admin': '', 'job_opening_engg': '', 'job_opening_analytics': '', 'job_opening_IT': '', 'job_opening_marketing': '', 'job_opening_sales': '', 'ai_first': 'No', 'certificate': 'No', 'community': 'No', 'demo': 'No', 'ecommerce': 'No', 'event': 'No', 'free_plan': 'No', 'free_trial': 'No', 'generative_ai': 'No', 'job_page': 'No', 'newsletter': 'No', 'offer': 'No', 'partner': 'No', 'plg': 'No', 'press_release': 'No', 'pricing': 'No', 'product_tour': 'No', 'video_content': 'No', 'webinar': 'No'}",valid,www.medisponsor.com
,,,,Oakbank Kindergarten is situated in a historic stone building built in 1868 which is set within picturesque grounds. The Kindergarten setting offers a natural environment which supports children to develop a strong sense of wellbeing and dispositions for learning that will prepare them for their fut,"{'maps': ['Google Maps'], 'ecommerce': ['WooCommerce'], 'cms': ['WordPress'], 'programming-languages': ['PHP'], 'blogs': ['PHP', 'WordPress'], 'marketing-automation': ['Yoast SEO'], 'video-players': ['YouTube'], 'javascript-frameworks': ['jQuery']}","{'job_opening_admin': '', 'job_opening_engg': '', 'job_opening_analytics': '', 'job_opening_IT': '', 'job_opening_marketing': '', 'job_opening_sales': '', 'ai_first': 'No', 'certificate': 'No', 'community': 'No', 'demo': 'No', 'ecommerce': 'No', 'event': 'No', 'free_plan': 'No', 'free_trial': 'No', 'generative_ai': 'No', 'job_page': 'No', 'newsletter': 'No', 'offer': 'No', 'partner': 'No', 'plg': 'No', 'press_release': 'No', 'pricing': 'No', 'product_tour': 'No', 'video_content': 'No', 'webinar': 'No'}",valid,www.oakbankgn.sa.edu.au
,,,,,{'javascript-frameworks': ['jQuery']},"{'job_opening_admin': '', 'job_opening_engg': '', 'job_opening_analytics': '', 'job_opening_IT': '', 'job_opening_marketing': '', 'job_opening_sales': '', 'ai_first': 'No', 'certificate': 'No', 'community': 'No', 'demo': 'No', 'ecommerce': 'No', 'event': 'No', 'free_plan': 'No', 'free_trial': 'No', 'generative_ai': 'No', 'job_page': 'No', 'newsletter': 'No', 'offer': 'No', 'partner': 'No', 'plg': 'No', 'press_release': 'No', 'pricing': 'No', 'product_tour': 'No', 'video_content': 'No', 'webinar': 'No'}",valid,www.dentronix.com
,,https://twitter.com/TierOneTutors,https://www.facebook.com/TierOneTutors,"Los Angeles Tutoring provided by Tier One Tutors. If you are looking for Tutoring in Los Angeles, you've come to the right place. The Finest Los Angeles and Orange County Tutors.","{'widgets': ['AddThis'], 'font-scripts': ['Google Font API'], 'cms': ['WordPress'], 'programming-languages': ['PHP'], 'blogs': ['PHP', 'WordPress'], 'javascript-frameworks': ['jQuery']}","{'job_opening_admin': '', 'job_opening_engg': '', 'job_opening_analytics': '', 'job_opening_IT': '', 'job_opening_marketing': '', 'job_opening_sales': '', 'ai_first': 'No', 'certificate': 'No', 'community': 'No', 'demo': 'No', 'ecommerce': 'No', 'event': 'No', 'free_plan': 'No', 'free_trial': 'No', 'generative_ai': 'No', 'job_page': 'No', 'newsletter': 'No', 'offer': 'No', 'partner': 'No', 'plg': 'No', 'press_release': 'No', 'pricing': 'No', 'product_tour': 'No', 'video_content': 'No', 'webinar': 'No'}",valid,www.tieronetutors.com
,,,,,{'editors': ['DreamWeaver']},"{'job_opening_admin': '', 'job_opening_engg': '', 'job_opening_analytics': '', 'job_opening_IT': '', 'job_opening_marketing': '', 'job_opening_sales': '', 'ai_first': 'No', 'certificate': 'No', 'community': 'No', 'demo': 'No', 'ecommerce': 'No', 'event': 'No', 'free_plan': 'No', 'free_trial': 'No', 'generative_ai': 'No', 'job_page': 'No', 'newsletter': 'No', 'offer': 'No', 'partner': 'No', 'plg': 'No', 'press_release': 'No', 'pricing': 'No', 'product_tour': 'No', 'video_content': 'No', 'webinar': 'No'}",valid,www.behang-holland.nl
https://www.linkedin.com/company/fleming-complete,https://www.instagram.com/flemingcompleteaz,https://twitter.com/CompleteFleming,https://www.facebook.com/fleming.complete,"Fleming Complete is a General Contractor in Mesa, Arizona providing Commercial Tenant Improvements, Facility Repairs, and New Construction.","{'ecommerce': ['WooCommerce'], 'cms': ['WordPress'], 'programming-languages': ['PHP'], 'blogs': ['PHP', 'WordPress'], 'marketing-automation': ['Yoast SEO'], 'javascript-frameworks': ['jQuery'], 'mobile-frameworks': ['jQuery Mobile']}","{'job_page': 'Yes', 'job_opening_admin': '', 'job_opening_engg': '', 'job_opening_analytics': '', 'job_opening_IT': '', 'job_opening_marketing': '', 'job_opening_sales': '', 'ai_first': 'No', 'certificate': 'No', 'community': 'No', 'demo': 'No', 'ecommerce': 'No', 'event': 'No', 'free_plan': 'No', 'free_trial': 'No', 'generative_ai': 'No', 'newsletter': 'No', 'offer': 'No', 'partner': 'No', 'plg': 'No', 'press_release': 'No', 'pricing': 'No', 'product_tour': 'No', 'video_content': 'No', 'webinar': 'No'}",valid,www.flemingcomplete.com
,,,,大分の広告代理店 OCADでは、テレビ・ラジオ・新聞・雑誌・WEB広告、イベント企画、看板製作、HP・SNS制作や運用を行なっています。地域・企業ブランディング・集客販促・ 採用プロモーションなど、多角的なご提案が可能です。,"{'maps': ['Google Maps'], 'javascript-frameworks': ['Modernizr', 'TweenMax', 'jQuery', 'jQuery UI'], 'cms': ['WordPress'], 'programming-languages': ['PHP'], 'blogs': ['PHP', 'WordPress']}","{'job_opening_admin': '', 'job_opening_engg': '', 'job_opening_analytics': '', 'job_opening_IT': '', 'job_opening_marketing': '', 'job_opening_sales': '', 'ai_first': 'No', 'certificate': 'No', 'community': 'No', 'demo': 'No', 'ecommerce': 'No', 'event': 'No', 'free_plan': 'No', 'free_trial': 'No', 'generative_ai': 'No', 'job_page': 'No', 'newsletter': 'No', 'offer': 'No', 'partner': 'No', 'plg': 'No', 'press_release': 'No', 'pricing': 'No', 'product_tour': 'No', 'video_content': 'No', 'webinar': 'No'}",valid,www.ocad.jp
,,,,,"{'font-scripts': ['Font Awesome', 'Google Font API', 'Ionicons'], 'web-frameworks': ['Twitter Bootstrap'], 'javascript-frameworks': ['jQuery']}","{'job_opening_admin': '', 'job_opening_engg': '', 'job_opening_analytics': '', 'job_opening_IT': '', 'job_opening_marketing': '', 'job_opening_sales': '', 'ai_first': 'No', 'certificate': 'No', 'community': 'No', 'demo': 'No', 'ecommerce': 'No', 'event': 'No', 'free_plan': 'No', 'free_trial': 'No', 'generative_ai': 'No', 'job_page': 'No', 'newsletter': 'No', 'offer': 'No', 'partner': 'No', 'plg': 'No', 'press_release': 'No', 'pricing': 'No', 'product_tour': 'No', 'video_content': 'No', 'webinar': 'No'}",valid,www.pindot.co.uk
,,,https://www.facebook.com/MatamataRotaryYouth,,"{'web-frameworks': ['Twitter Bootstrap'], 'javascript-frameworks': ['jQuery', 'jQuery UI']}","{'newsletter': 'Yes', 'job_page': 'Yes', 'job_opening_admin': '', 'job_opening_engg': '', 'job_opening_analytics': '', 'job_opening_IT': '', 'job_opening_marketing': '', 'job_opening_sales': '', 'ai_first': 'No', 'certificate': 'No', 'community': 'No', 'demo': 'No', 'ecommerce': 'No', 'event': 'No', 'free_plan': 'No', 'free_trial': 'No', 'generative_ai': 'No', 'offer': 'No', 'partner': 'No', 'plg': 'No', 'press_release': 'No', 'pricing': 'No', 'product_tour': 'No', 'video_content': 'No', 'webinar': 'No'}",valid,www.matamatarotary.org
,https://www.instagram.com/menuiseriepirlot,,https://www.facebook.com/menuiseriepirlot.be,,"{'web-frameworks': ['Twitter Bootstrap'], 'cache-tools': ['WP Rocket'], 'cms': ['WordPress'], 'programming-languages': ['PHP'], 'blogs': ['PHP', 'WordPress'], 'marketing-automation': ['Yoast SEO'], 'javascript-frameworks': ['jQuery']}","{'job_opening_admin': '', 'job_opening_engg': '', 'job_opening_analytics': '', 'job_opening_IT': '', 'job_opening_marketing': '', 'job_opening_sales': '', 'ai_first': 'No', 'certificate': 'No', 'community': 'No', 'demo': 'No', 'ecommerce': 'No', 'event': 'No', 'free_plan': 'No', 'free_trial': 'No', 'generative_ai': 'No', 'job_page': 'No', 'newsletter': 'No', 'offer': 'No', 'partner': 'No', 'plg': 'No', 'press_release': 'No', 'pricing': 'No', 'product_tour': 'No', 'video_content': 'No', 'webinar': 'No'}",valid,www.menuiseriepirlot.be
,,,https://www.facebook.com/Pies-by-Barbara-108747899186993,,"{'javascript-graphics': ['Javascript Infovis Toolkit'], 'javascript-frameworks': ['Lo-dash', 'Prototype', 'React'], 'cms': ['Wix']}","{'job_opening_admin': '', 'job_opening_engg': '', 'job_opening_analytics': '', 'job_opening_IT': '', 'job_opening_marketing': '', 'job_opening_sales': '', 'ai_first': 'No', 'certificate': 'No', 'community': 'No', 'demo': 'No', 'ecommerce': 'No', 'event': 'No', 'free_plan': 'No', 'free_trial': 'No', 'generative_ai': 'No', 'job_page': 'No', 'newsletter': 'No', 'offer': 'No', 'partner': 'No', 'plg': 'No', 'press_release': 'No', 'pricing': 'No', 'product_tour': 'No', 'video_content': 'No', 'webinar': 'No'}",valid,www.piesbybarbara.com
https://www.linkedin.com/in/kensleydougan,https://www.instagram.com/thetheogroup,https://www.twitter.com/TheoGrpTTG,https://www.facebook.com/104749677936301,,,"{'event': 'Yes', 'job_opening_admin': '', 'job_opening_engg': '', 'job_opening_analytics': '', 'job_opening_IT': '', 'job_opening_marketing': '', 'job_opening_sales': '', 'ai_first': 'No', 'certificate': 'No', 'community': 'No', 'demo': 'No', 'ecommerce': 'No', 'free_plan': 'No', 'free_trial': 'No', 'generative_ai': 'No', 'job_page': 'No', 'newsletter': 'No', 'offer': 'No', 'partner': 'No', 'plg': 'No', 'press_release': 'No', 'pricing': 'No', 'product_tour': 'No', 'video_content': 'No', 'webinar': 'No'}",valid,www.theogrp.com
,https://instagram.com/cllbaseball,,https://www.facebook.com/girlswithgameyyc,,"{'font-scripts': ['Font Awesome', 'Google Font API'], 'advertising-networks': ['Google AdSense'], 'javascript-frameworks': ['Moment Timezone', 'Moment.js', 'jQuery'], 'web-frameworks': ['Twitter Bootstrap']}","{'offer': 'Yes', 'community': 'Yes', 'ecommerce': 'Yes', 'job_opening_admin': '', 'job_opening_engg': '', 'job_opening_analytics': '', 'job_opening_IT': '', 'job_opening_marketing': '', 'job_opening_sales': '', 'ai_first': 'No', 'certificate': 'No', 'demo': 'No', 'event': 'No', 'free_plan': 'No', 'free_trial': 'No', 'generative_ai': 'No', 'job_page': 'No', 'newsletter': 'No', 'partner': 'No', 'plg': 'No', 'press_release': 'No', 'pricing': 'No', 'product_tour': 'No', 'video_content': 'No', 'webinar': 'No'}",valid,www.cllbaseball.ca
,,https://twitter.com/MurrayGreyAus,https://www.facebook.com/MurrayGreyBeefCattleSociety,Murray Grey Beef Cattle Society provides you with information on the whole supply chain involving Murray Greys and Murray Grey Beef. Telephone 02 6773 2022.,"{'tag-managers': ['Google Tag Manager'], 'javascript-frameworks': ['Modernizr', 'jQuery'], 'ecommerce': ['WooCommerce'], 'cms': ['WordPress'], 'programming-languages': ['PHP'], 'blogs': ['PHP', 'WordPress'], 'marketing-automation': ['Yoast SEO']}","{'job_opening_admin': '', 'job_opening_engg': '', 'job_opening_analytics': '', 'job_opening_IT': '', 'job_opening_marketing': '', 'job_opening_sales': '', 'ai_first': 'No', 'certificate': 'No', 'community': 'No', 'demo': 'No', 'ecommerce': 'No', 'event': 'No', 'free_plan': 'No', 'free_trial': 'No', 'generative_ai': 'No', 'job_page': 'No', 'newsletter': 'No', 'offer': 'No', 'partner': 'No', 'plg': 'No', 'press_release': 'No', 'pricing': 'No', 'product_tour': 'No', 'video_content': 'No', 'webinar': 'No'}",valid,www.murraygrey.com.au
https://www.linkedin.com/in/pascalle-hendriks-de-leeuw-48b6b425,https://www.instagram.com/pascalle.deleeuw,,https://www.facebook.com/Innerlijke-Zorg-189031827844093,"Innerlijke Zorg is dé specialist op het gebied van therapie en coaching. Weinig zelfvertrouwen, intense emoties, hooggevoeligheid, angst...","{'ecommerce': ['WooCommerce'], 'cms': ['WordPress'], 'programming-languages': ['PHP'], 'blogs': ['PHP', 'WordPress'], 'marketing-automation': ['Yoast SEO'], 'video-players': ['YouTube']}","{'job_opening_admin': '', 'job_opening_engg': '', 'job_opening_analytics': '', 'job_opening_IT': '', 'job_opening_marketing': '', 'job_opening_sales': '', 'ai_first': 'No', 'certificate': 'No', 'community': 'No', 'demo': 'No', 'ecommerce': 'No', 'event': 'No', 'free_plan': 'No', 'free_trial': 'No', 'generative_ai': 'No', 'job_page': 'No', 'newsletter': 'No', 'offer': 'No', 'partner': 'No', 'plg': 'No', 'press_release': 'No', 'pricing': 'No', 'product_tour': 'No', 'video_content': 'No', 'webinar': 'No'}",valid,www.innerlijke-zorg.nl
,,,,"From raw land to thriving communities, everything we do is geared toward the lifestyles of the families who live in our communities. Headquarted in Houston, Texas Amvest Properties and our partnerships have actively served as real estate developer and management company in numerous real estate devel",,"{'job_opening_admin': '', 'job_opening_engg': '', 'job_opening_analytics': '', 'job_opening_IT': '', 'job_opening_marketing': '', 'job_opening_sales': '', 'ai_first': 'No', 'certificate': 'No', 'community': 'No', 'demo': 'No', 'ecommerce': 'No', 'event': 'No', 'free_plan': 'No', 'free_trial': 'No', 'generative_ai': 'No', 'job_page': 'No', 'newsletter': 'No', 'offer': 'No', 'partner': 'No', 'plg': 'No', 'press_release': 'No', 'pricing': 'No', 'product_tour': 'No', 'video_content': 'No', 'webinar': 'No'}",valid,www.amvestproperties.com
,https://www.instagram.com/p/Bj-6XZlnvP6,,,,"{'font-scripts': ['Font Awesome', 'Google Font API'], 'javascript-frameworks': ['jQuery']}","{'job_opening_admin': '', 'job_opening_engg': '', 'job_opening_analytics': '', 'job_opening_IT': '', 'job_opening_marketing': '', 'job_opening_sales': '', 'ai_first': 'No', 'certificate': 'No', 'community': 'No', 'demo': 'No', 'ecommerce': 'No', 'event': 'No', 'free_plan': 'No', 'free_trial': 'No', 'generative_ai': 'No', 'job_page': 'No', 'newsletter': 'No', 'offer': 'No', 'partner': 'No', 'plg': 'No', 'press_release': 'No', 'pricing': 'No', 'product_tour': 'No', 'video_content': 'No', 'webinar': 'No'}",valid,www.glocally.com
,,,,,"{'font-scripts': ['Font Awesome', 'Google Font API'], 'cache-tools': ['WP Rocket'], 'cms': ['WordPress'], 'programming-languages': ['PHP'], 'blogs': ['PHP', 'WordPress'], 'web-frameworks': ['ZURB Foundation'], 'javascript-frameworks': ['jQuery']}","{'job_page': 'Yes', 'job_opening_admin': 'No', 'job_opening_engg': 'No', 'job_opening_analytics': 'No', 'job_opening_IT': 'Yes', 'job_opening_marketing': 'No', 'job_opening_sales': 'No', 'ai_first': 'No', 'certificate': 'No', 'community': 'No', 'demo': 'No', 'ecommerce': 'No', 'event': 'No', 'free_plan': 'No', 'free_trial': 'No', 'generative_ai': 'No', 'newsletter': 'No', 'offer': 'No', 'partner': 'No', 'plg': 'No', 'press_release': 'No', 'pricing': 'No', 'product_tour': 'No', 'video_content': 'No', 'webinar': 'No'}",valid,www.mvhealthcare.com
